id,package,commit_hash,paper_sentence,paper_section,claim_type,expected_implementation,code_file,code_lines,code_excerpt,verdict,issue_category,tests_found,documentation_found,checked_by_me,notes,llm_model,prompt_version,timestamp
H0001,DESeq2,76c5f8523716804dbe0a9500b4b7e216c6af225c,"counts per gene in RNA-seq, for evidence of systematic changes across experimental conditions.",unknown,other,"Check the parameters, defaults, formula, threshold, or statistical rule stated in this sentence.",R/AllClasses.R,141-145,"  }
  if (is.null(assayNames(se)) || assayNames(se)[1] != ""counts"") {
    # check if ""counts"" are in another assay spot:
    if (length(assayNames(se)) > 1) {
      if (""counts"" %in% assayNames(se)[-1]) {
",partial,,,,False,"DRAFT - unverified: A validated location was found, but no numeric value was available for comparison.",,,2026-10-02T10:46:37.788831+00:00
H0002,DESeq2,76c5f8523716804dbe0a9500b4b7e216c6af225c,experiment [1].,unknown,other,"Check the parameters, defaults, formula, threshold, or statistical rule stated in this sentence.",R/core.R,2715-2719,"}

getAndCheckWeights <- function(object, modelMatrix, weightThreshold=1e-2) {
  if (""weights"" %in% assayNames(object)) {
    useWeights <- TRUE
",consistent,,,,False,DRAFT - unverified: Validated excerpt contains claimed numeric value(s): 1.,,,2026-10-02T10:46:37.788831+00:00
H0003,DESeq2,76c5f8523716804dbe0a9500b4b7e216c6af225c,the heterogeneity of dispersion values for different genes.,unknown,other,"Check the parameters, defaults, formula, threshold, or statistical rule stated in this sentence.",R/AllClasses.R,94-98,"#' the last variable in the formula for building results tables and plotting.
#' \code{~ 1} can be used for no design, although users need to remember
#' to switch to another design for differential testing.
#' @param countData for matrix input: a matrix of non-negative integers
#' @param colData for matrix input: a \code{DataFrame} or \code{data.frame} with at least a single column.
",partial,,,,False,"DRAFT - unverified: A validated location was found, but no numeric value was available for comparison.",,,2026-10-02T10:46:37.788831+00:00
H0004,DESeq2,76c5f8523716804dbe0a9500b4b7e216c6af225c,", that the gene is not at all affected by the treatment.",unknown,other,"Check the parameters, defaults, formula, threshold, or statistical rule stated in this sentence.",R/AllClasses.R,141-145,"  }
  if (is.null(assayNames(se)) || assayNames(se)[1] != ""counts"") {
    # check if ""counts"" are in another assay spot:
    if (length(assayNames(se)) > 1) {
      if (""counts"" %in% assayNames(se)[-1]) {
",partial,,,,False,"DRAFT - unverified: A validated location was found, but no numeric value was available for comparison.",,,2026-10-02T10:46:37.788831+00:00
H0005,DESeq2,76c5f8523716804dbe0a9500b4b7e216c6af225c,"genes passing multiple-test adjustment, ranked byP value.",unknown,other,"Check the parameters, defaults, formula, threshold, or statistical rule stated in this sentence.",R/AllClasses.R,94-98,"#' the last variable in the formula for building results tables and plotting.
#' \code{~ 1} can be used for no design, although users need to remember
#' to switch to another design for differential testing.
#' @param countData for matrix input: a matrix of non-negative integers
#' @param colData for matrix input: a \code{DataFrame} or \code{data.frame} with at least a single column.
",partial,,,,False,"DRAFT - unverified: A validated location was found, but no numeric value was available for comparison.",,,2026-10-02T10:46:37.788831+00:00
H0006,DESeq2,76c5f8523716804dbe0a9500b4b7e216c6af225c,"0/) applies to the data made available in this article, unless otherwise stated.",unknown,other,"Check the parameters, defaults, formula, threshold, or statistical rule stated in this sentence.",R/core.R,212-216,"#' 1) it is recommended to filter out genes where all samples have
#' low counts before running DESeq2 in parellel: this improves efficiency
#' as otherwise you will be sending data to child processes, though those
#' have little power for detection of differences, and will likely be
#' removed by independent filtering anyway;
",inconsistent,,,,False,"DRAFT - unverified: Validated locations were found, but the claimed numeric value(s) were not present in the excerpt.",,,2026-10-02T10:46:37.788831+00:00
H0007,DESeq2,76c5f8523716804dbe0a9500b4b7e216c6af225c,genes with low counts.,unknown,other,"Check the parameters, defaults, formula, threshold, or statistical rule stated in this sentence.",R/AllClasses.R,141-145,"  }
  if (is.null(assayNames(se)) || assayNames(se)[1] != ""counts"") {
    # check if ""counts"" are in another assay spot:
    if (length(assayNames(se)) > 1) {
      if (""counts"" %in% assayNames(se)[-1]) {
",partial,,,,False,"DRAFT - unverified: A validated location was found, but no numeric value was available for comparison.",,,2026-10-02T10:46:37.788831+00:00
H0008,DESeq2,76c5f8523716804dbe0a9500b4b7e216c6af225c,whelmingly long list of hits [9].,unknown,other,"Check the parameters, defaults, formula, threshold, or statistical rule stated in this sentence.",R/core.R,697-701,"  # (we need this already to decide about linear mu fitting)
  attr(object, ""weightsOK"") <- NULL # reset any information
  wlist <- getAndCheckWeights(object, modelMatrix, weightThreshold=weightThreshold)
  object <- wlist$object
  weights <- wlist$weights
",inconsistent,,,,False,"DRAFT - unverified: Validated locations were found, but the claimed numeric value(s) were not present in the excerpt.",,,2026-10-02T10:46:37.788831+00:00
H0009,DESeq2,76c5f8523716804dbe0a9500b4b7e216c6af225c,method [4].,unknown,other,"Check the parameters, defaults, formula, threshold, or statistical rule stated in this sentence.",R/AllClasses.R,141-145,"  }
  if (is.null(assayNames(se)) || assayNames(se)[1] != ""counts"") {
    # check if ""counts"" are in another assay spot:
    if (length(assayNames(se)) > 1) {
      if (""counts"" %in% assayNames(se)[-1]) {
",inconsistent,,,,False,"DRAFT - unverified: Validated locations were found, but the claimed numeric value(s) were not present in the excerpt.",,,2026-10-02T10:46:37.788831+00:00
H0010,DESeq2,76c5f8523716804dbe0a9500b4b7e216c6af225c,estimators for dispersion and fold change.,unknown,other,"Check the parameters, defaults, formula, threshold, or statistical rule stated in this sentence.",R/AllClasses.R,141-145,"  }
  if (is.null(assayNames(se)) || assayNames(se)[1] != ""counts"") {
    # check if ""counts"" are in another assay spot:
    if (length(assayNames(se)) > 1) {
      if (""counts"" %in% assayNames(se)[-1]) {
",partial,,,,False,"DRAFT - unverified: A validated location was found, but no numeric value was available for comparison.",,,2026-10-02T10:46:37.788831+00:00
H0011,DESeq2,76c5f8523716804dbe0a9500b4b7e216c6af225c,ing of overdispersed count data.,unknown,other,"Check the parameters, defaults, formula, threshold, or statistical rule stated in this sentence.",R/AllClasses.R,141-145,"  }
  if (is.null(assayNames(se)) || assayNames(se)[1] != ""counts"") {
    # check if ""counts"" are in another assay spot:
    if (length(assayNames(se)) > 1) {
      if (""counts"" %in% assayNames(se)[-1]) {
",partial,,,,False,"DRAFT - unverified: A validated location was found, but no numeric value was available for comparison.",,,2026-10-02T10:46:37.788831+00:00
H0012,DESeq2,76c5f8523716804dbe0a9500b4b7e216c6af225c,able [10] as an R/Bioconductor package [11].,unknown,other,"Check the parameters, defaults, formula, threshold, or statistical rule stated in this sentence.",R/AllClasses.R,24-28,"    designVars <- all.vars(design)
    if (!all(designVars %in% names(colData(object)))) {
      return(""all variables in design formula must be columns in colData"")
    }
    designVarsClass <- sapply(designVars, function(v) class(colData(object)[[v]]))
",inconsistent,,,,False,"DRAFT - unverified: Validated locations were found, but the claimed numeric value(s) were not present in the excerpt.",,,2026-10-02T10:46:37.788831+00:00
H0013,DESeq2,76c5f8523716804dbe0a9500b4b7e216c6af225c,to a gene in a sample.,unknown,other,"Check the parameters, defaults, formula, threshold, or statistical rule stated in this sentence.",R/AllClasses.R,141-145,"  }
  if (is.null(assayNames(se)) || assayNames(se)[1] != ""counts"") {
    # check if ""counts"" are in another assay spot:
    if (length(assayNames(se)) > 1) {
      if (""counts"" %in% assayNames(se)[-1]) {
",partial,,,,False,"DRAFT - unverified: A validated location was found, but no numeric value was available for comparison.",,,2026-10-02T10:46:37.788831+00:00
H0014,DESeq2,76c5f8523716804dbe0a9500b4b7e216c6af225c,(GLM)[12] as follows.,unknown,other,"Check the parameters, defaults, formula, threshold, or statistical rule stated in this sentence.",R/AllClasses.R,141-145,"  }
  if (is.null(assayNames(se)) || assayNames(se)[1] != ""counts"") {
    # check if ""counts"" are in another assay spot:
    if (length(assayNames(se)) > 1) {
      if (""counts"" %in% assayNames(se)[-1]) {
",inconsistent,,,,False,"DRAFT - unverified: Validated locations were found, but the claimed numeric value(s) were not present in the excerpt.",,,2026-10-02T10:46:37.788831+00:00
H0015,DESeq2,76c5f8523716804dbe0a9500b4b7e216c6af225c,already used in DESeq [4].,unknown,parameters,"Check the parameters, defaults, formula, threshold, or statistical rule stated in this sentence.",R/RcppExports.R,3-7,"
fitDisp <- function(ySEXP, xSEXP, mu_hatSEXP, log_alphaSEXP, log_alpha_prior_meanSEXP, log_alpha_prior_sigmasqSEXP, min_log_alphaSEXP, kappa_0SEXP, tolSEXP, maxitSEXP, usePriorSEXP, weightsSEXP, useWeightsSEXP, weightThresholdSEXP, useCRSEXP) {
    .Call('_DESeq2_fitDisp', PACKAGE = 'DESeq2', ySEXP, xSEXP, mu_hatSEXP, log_alphaSEXP, log_alpha_prior_meanSEXP, log_alpha_prior_sigmasqSEXP, min_log_alphaSEXP, kappa_0SEXP, tolSEXP, maxitSEXP, usePriorSEXP, weightsSEXP, useWeightsSEXP, weightThresholdSEXP, useCRSEXP)
}

",consistent,,,,False,DRAFT - unverified: Validated excerpt contains claimed numeric value(s): 4.,,,2026-10-02T10:46:37.788831+00:00
H0016,DESeq2,76c5f8523716804dbe0a9500b4b7e216c6af225c,fold change between treatment and control.,unknown,other,"Check the parameters, defaults, formula, threshold, or statistical rule stated in this sentence.",R/lfcShrink.R,68-72,"#' - see the Stephens (2016) reference below for citation;
#' \code{""normal""} is the 2014 DESeq2 shrinkage estimator using a Normal prior;
#' @param lfcThreshold a non-negative value which specifies a log2 fold change
#' threshold (as in \code{\link{results}}). This can be used with any
#' shrinkage \code{type}. It will produce new p-values or
",partial,,,,False,"DRAFT - unverified: A validated location was found, but no numeric value was available for comparison.",,,2026-10-02T10:46:37.788831+00:00
H0017,DESeq2,76c5f8523716804dbe0a9500b4b7e216c6af225c,studies [15].,unknown,other,"Check the parameters, defaults, formula, threshold, or statistical rule stated in this sentence.",R/AllClasses.R,141-145,"  }
  if (is.null(assayNames(se)) || assayNames(se)[1] != ""counts"") {
    # check if ""counts"" are in another assay spot:
    if (length(assayNames(se)) > 1) {
      if (""counts"" %in% assayNames(se)[-1]) {
",inconsistent,,,,False,"DRAFT - unverified: Validated locations were found, but the claimed numeric value(s) were not present in the excerpt.",,,2026-10-02T10:46:37.788831+00:00
H0018,DESeq2,76c5f8523716804dbe0a9500b4b7e216c6af225c,gene.,unknown,other,"Check the parameters, defaults, formula, threshold, or statistical rule stated in this sentence.",R/AllClasses.R,141-145,"  }
  if (is.null(assayNames(se)) || assayNames(se)[1] != ""counts"") {
    # check if ""counts"" are in another assay spot:
    if (length(assayNames(se)) > 1) {
      if (""counts"" %in% assayNames(se)[-1]) {
",partial,,,,False,"DRAFT - unverified: A validated location was found, but no numeric value was available for comparison.",,,2026-10-02T10:46:37.788831+00:00
H0019,DESeq2,76c5f8523716804dbe0a9500b4b7e216c6af225c,genes.,unknown,other,"Check the parameters, defaults, formula, threshold, or statistical rule stated in this sentence.",R/AllClasses.R,141-145,"  }
  if (is.null(assayNames(se)) || assayNames(se)[1] != ""counts"") {
    # check if ""counts"" are in another assay spot:
    if (length(assayNames(se)) > 1) {
      if (""counts"" %in% assayNames(se)[-1]) {
",partial,,,,False,"DRAFT - unverified: A validated location was found, but no numeric value was available for comparison.",,,2026-10-02T10:46:37.788831+00:00
H0020,DESeq2,76c5f8523716804dbe0a9500b4b7e216c6af225c,age expression strength have similar dispersion.,unknown,other,"Check the parameters, defaults, formula, threshold, or statistical rule stated in this sentence.",R/AllClasses.R,236-240,"      }
      if (msgCenterScale) {
        message(""  the design formula contains one or more numeric variables that have mean or
  standard deviation larger than 5 (an arbitrary threshold to trigger this message).
  Including numeric variables with large mean can induce collinearity with the intercept.
",partial,,,,False,"DRAFT - unverified: A validated location was found, but no numeric value was available for comparison.",,,2026-10-02T10:46:37.788831+00:00
H0021,DESeq2,76c5f8523716804dbe0a9500b4b7e216c6af225c,(black dots in Figure 1).,unknown,other,"Check the parameters, defaults, formula, threshold, or statistical rule stated in this sentence.",R/core.R,2715-2719,"}

getAndCheckWeights <- function(object, modelMatrix, weightThreshold=1e-2) {
  if (""weights"" %in% assayNames(object)) {
    useWeights <- TRUE
",consistent,,,,False,DRAFT - unverified: Validated excerpt contains claimed numeric value(s): 1.,,,2026-10-02T10:46:37.788831+00:00
H0022,DESeq2,76c5f8523716804dbe0a9500b4b7e216c6af225c,"smooth curve, as shown by the red line in Figure 1.",unknown,other,"Check the parameters, defaults, formula, threshold, or statistical rule stated in this sentence.",R/core.R,239-243,"#' @importFrom locfit locfit
#' @importFrom graphics axis hist plot points
#' @importFrom stats Gamma as.formula coefficients df dnbinom dnorm formula glm loess lowess model.matrix optim p.adjust pchisq pnorm prcomp predict pt qf qnorm rchisq relevel rnbinom rnorm runif splinefun terms terms.formula approx
#' @importFrom utils read.table read.csv askYesNo menu
#' @importFrom stats4 summary
",consistent,,,,False,DRAFT - unverified: Validated excerpt contains claimed numeric value(s): 1.,,,2026-10-02T10:46:37.788831+00:00
H0023,DESeq2,76c5f8523716804dbe0a9500b4b7e216c6af225c,dispersion values (blue arrow heads).,unknown,other,"Check the parameters, defaults, formula, threshold, or statistical rule stated in this sentence.",R/AllClasses.R,141-145,"  }
  if (is.null(assayNames(se)) || assayNames(se)[1] != ""counts"") {
    # check if ""counts"" are in another assay spot:
    if (length(assayNames(se)) > 1) {
      if (""counts"" %in% assayNames(se)[-1]) {
",partial,,,,False,"DRAFT - unverified: A validated location was found, but no numeric value was available for comparison.",,,2026-10-02T10:46:37.788831+00:00
H0024,DESeq2,76c5f8523716804dbe0a9500b4b7e216c6af225c,Figure 1 Shrinkage estimation of dispersion.,unknown,other,"Check the parameters, defaults, formula, threshold, or statistical rule stated in this sentence.",R/core.R,2715-2719,"}

getAndCheckWeights <- function(object, modelMatrix, weightThreshold=1e-2) {
  if (""weights"" %in% assayNames(object)) {
    useWeights <- TRUE
",consistent,,,,False,DRAFT - unverified: Validated excerpt contains claimed numeric value(s): 1.,,,2026-10-02T10:46:37.788831+00:00
H0025,DESeq2,76c5f8523716804dbe0a9500b4b7e216c6af225c,Plot of dispersion estimates over the average expression strength (A) for the Bottomly etal.,unknown,other,"Check the parameters, defaults, formula, threshold, or statistical rule stated in this sentence.",R/core.R,1216-1220,"#' Binomial GLM, using previously calculated \code{\link{sizeFactors}}
#' (or \code{\link{normalizationFactors}})
#' and dispersion estimates.  See \code{\link{DESeq}} for the GLM formula.
#' 
#' The fitting proceeds as follows: standard maximum likelihood estimates
",partial,,,,False,"DRAFT - unverified: A validated location was found, but no numeric value was available for comparison.",,,2026-10-02T10:46:37.788831+00:00
H0026,DESeq2,76c5f8523716804dbe0a9500b4b7e216c6af225c,"[17] dataset, fitting only an intercept term.",unknown,other,"Check the parameters, defaults, formula, threshold, or statistical rule stated in this sentence.",R/fitNbinomGLMs.R,94-98,"  }
  
  # bypass the beta fitting if the model formula is only intercept and
  # the prior variance is large (1e6)
  # i.e., LRT with reduced ~ 1 and no beta prior
",inconsistent,,,,False,"DRAFT - unverified: Validated locations were found, but the claimed numeric value(s) were not present in the excerpt.",,,2026-10-02T10:46:37.788831+00:00
H0027,DESeq2,76c5f8523716804dbe0a9500b4b7e216c6af225c,MLEs are obtained using only the respective gene’s data (black dots).,unknown,other,"Check the parameters, defaults, formula, threshold, or statistical rule stated in this sentence.",R/AllClasses.R,24-28,"    designVars <- all.vars(design)
    if (!all(designVars %in% names(colData(object)))) {
      return(""all variables in design formula must be columns in colData"")
    }
    designVarsClass <- sapply(designVars, function(v) class(colData(object)[[v]]))
",partial,,,,False,"DRAFT - unverified: A validated location was found, but no numeric value was available for comparison.",,,2026-10-02T10:46:37.788831+00:00
H0028,DESeq2,76c5f8523716804dbe0a9500b4b7e216c6af225c,dispersion-mean dependence.,unknown,other,"Check the parameters, defaults, formula, threshold, or statistical rule stated in this sentence.",tests/testthat/test_weights.R,113-117,"  dds <- estimateDispersions(dds, fitType=""mean"")
  dds2 <- estimateDispersions(dds, fitType=""mean"", useCR=FALSE)
  ## dds3 <- estimateDispersions(dds, fitType=""mean"", weightThreshold=0)
  ## par(mfcol=c(3,2), mar=c(4.5,4.5,1,1), cex=1.1)
  ## for (col in c(""dispGeneEst"",""dispersion"")) {
",partial,,,,False,"DRAFT - unverified: A validated location was found, but no numeric value was available for comparison.",,,2026-10-02T10:46:37.788831+00:00
H0029,DESeq2,76c5f8523716804dbe0a9500b4b7e216c6af225c,"For clarity, only a subset of genes is shown, which is enriched for dispersion outliers.",unknown,other,"Check the parameters, defaults, formula, threshold, or statistical rule stated in this sentence.",R/AllClasses.R,67-71,"#' enforces non-negative integer values in the ""counts"" matrix stored as
#' the first element in the assay list.
#' In addition, a formula which specifies the design of the experiment must be provided.
#' The constructor functions create a DESeqDataSet object
#' from various types of input:
",partial,,,,False,"DRAFT - unverified: A validated location was found, but no numeric value was available for comparison.",,,2026-10-02T10:46:37.788831+00:00
H0030,DESeq2,76c5f8523716804dbe0a9500b4b7e216c6af225c,but with dispersions of all genes shown.,unknown,other,"Check the parameters, defaults, formula, threshold, or statistical rule stated in this sentence.",R/AllClasses.R,24-28,"    designVars <- all.vars(design)
    if (!all(designVars %in% names(colData(object)))) {
      return(""all variables in design formula must be columns in colData"")
    }
    designVarsClass <- sapply(designVars, function(v) class(colData(object)[[v]]))
",partial,,,,False,"DRAFT - unverified: A validated location was found, but no numeric value was available for comparison.",,,2026-10-02T10:46:37.788831+00:00
H0031,DESeq2,76c5f8523716804dbe0a9500b4b7e216c6af225c,"MAP, maximum aposteriori; MLE, maximum-likelihood estimate.",unknown,other,"Check the parameters, defaults, formula, threshold, or statistical rule stated in this sentence.",R/results.R,187-191,"#' will generate Wald statistics and Wald test p-values.
#' @param addMLE if \code{betaPrior=TRUE} was used (non-default),
#' this logical argument specifies if the ""unshrunken"" maximum likelihood estimates (MLE)
#' of log2 fold change should be added as a column to the results table (default is FALSE).
#' This argument is preserved for backward compatability, as now \code{betaPrior=FALSE}
",partial,,,,False,"DRAFT - unverified: A validated location was found, but no numeric value was available for comparison.",,,2026-10-02T10:46:37.788831+00:00
H0032,DESeq2,76c5f8523716804dbe0a9500b4b7e216c6af225c,the final estimate.,unknown,other,"Check the parameters, defaults, formula, threshold, or statistical rule stated in this sentence.",R/AllClasses.R,141-145,"  }
  if (is.null(assayNames(se)) || assayNames(se)[1] != ""counts"") {
    # check if ""counts"" are in another assay spot:
    if (length(assayNames(se)) > 1) {
      if (""counts"" %in% assayNames(se)[-1]) {
",partial,,,,False,"DRAFT - unverified: A validated location was found, but no numeric value was available for comparison.",,,2026-10-02T10:46:37.788831+00:00
H0033,DESeq2,76c5f8523716804dbe0a9500b4b7e216c6af225c,(Additional file 1: Figure S2).,unknown,other,"Check the parameters, defaults, formula, threshold, or statistical rule stated in this sentence.",R/core.R,2715-2719,"}

getAndCheckWeights <- function(object, modelMatrix, weightThreshold=1e-2) {
  if (""weights"" %in% assayNames(object)) {
    useWeights <- TRUE
",consistent,,,,False,DRAFT - unverified: Validated excerpt contains claimed numeric value(s): 1.,,,2026-10-02T10:46:37.788831+00:00
H0034,DESeq2,76c5f8523716804dbe0a9500b4b7e216c6af225c,fit.,unknown,other,"Check the parameters, defaults, formula, threshold, or statistical rule stated in this sentence.",R/AllClasses.R,141-145,"  }
  if (is.null(assayNames(se)) || assayNames(se)[1] != ""counts"") {
    # check if ""counts"" are in another assay spot:
    if (length(assayNames(se)) > 1) {
      if (""counts"" %in% assayNames(se)[-1]) {
",partial,,,,False,"DRAFT - unverified: A validated location was found, but no numeric value was available for comparison.",,,2026-10-02T10:46:37.788831+00:00
H0035,DESeq2,76c5f8523716804dbe0a9500b4b7e216c6af225c,result from underestimates of dispersion.,unknown,other,"Check the parameters, defaults, formula, threshold, or statistical rule stated in this sentence.",R/AllClasses.R,92-96,"#' See \code{\link{results}} for a variety of designs and how to extract results tables.
#' By default, the functions in this package will use 
#' the last variable in the formula for building results tables and plotting.
#' \code{~ 1} can be used for no design, although users need to remember
#' to switch to another design for differential testing.
",partial,,,,False,"DRAFT - unverified: A validated location was found, but no numeric value was available for comparison.",,,2026-10-02T10:46:37.788831+00:00
H0036,DESeq2,76c5f8523716804dbe0a9500b4b7e216c6af225c,final estimate of dispersion.,unknown,other,"Check the parameters, defaults, formula, threshold, or statistical rule stated in this sentence.",R/AllClasses.R,141-145,"  }
  if (is.null(assayNames(se)) || assayNames(se)[1] != ""counts"") {
    # check if ""counts"" are in another assay spot:
    if (length(assayNames(se)) > 1) {
      if (""counts"" %in% assayNames(se)[-1]) {
",partial,,,,False,"DRAFT - unverified: A validated location was found, but no numeric value was available for comparison.",,,2026-10-02T10:46:37.788831+00:00
H0037,DESeq2,76c5f8523716804dbe0a9500b4b7e216c6af225c,count.,unknown,other,"Check the parameters, defaults, formula, threshold, or statistical rule stated in this sentence.",R/AllClasses.R,141-145,"  }
  if (is.null(assayNames(se)) || assayNames(se)[1] != ""counts"") {
    # check if ""counts"" are in another assay spot:
    if (length(assayNames(se)) > 1) {
      if (""counts"" %in% assayNames(se)[-1]) {
",partial,,,,False,"DRAFT - unverified: A validated location was found, but no numeric value was available for comparison.",,,2026-10-02T10:46:37.788831+00:00
H0038,DESeq2,76c5f8523716804dbe0a9500b4b7e216c6af225c,[16].,unknown,other,"Check the parameters, defaults, formula, threshold, or statistical rule stated in this sentence.",R/AllClasses.R,141-145,"  }
  if (is.null(assayNames(se)) || assayNames(se)[1] != ""counts"") {
    # check if ""counts"" are in another assay spot:
    if (length(assayNames(se)) > 1) {
      if (""counts"" %in% assayNames(se)[-1]) {
",inconsistent,,,,False,"DRAFT - unverified: Validated locations were found, but the claimed numeric value(s) were not present in the excerpt.",,,2026-10-02T10:46:37.788831+00:00
H0039,DESeq2,76c5f8523716804dbe0a9500b4b7e216c6af225c,expressed genes.,unknown,other,"Check the parameters, defaults, formula, threshold, or statistical rule stated in this sentence.",R/AllClasses.R,141-145,"  }
  if (is.null(assayNames(se)) || assayNames(se)[1] != ""counts"") {
    # check if ""counts"" are in another assay spot:
    if (length(assayNames(se)) > 1) {
      if (""counts"" %in% assayNames(se)[-1]) {
",partial,,,,False,"DRAFT - unverified: A validated location was found, but no numeric value was available for comparison.",,,2026-10-02T10:46:37.788831+00:00
H0040,DESeq2,76c5f8523716804dbe0a9500b4b7e216c6af225c,Figure 2 Effect of shrinkage onlogarithmic fold change estimates.,unknown,other,"Check the parameters, defaults, formula, threshold, or statistical rule stated in this sentence.",R/core.R,10-14,"# results ........ results() function and helpers
# plots .......... all plotting functions
# lfcShrink ...... log2 fold change shrinkage
# helper ......... unmix, collapseReplicates, fpkm, fpm, DESeqParallel
# expanded ....... helpers for dealing with expanded model matrices
",inconsistent,,,,False,"DRAFT - unverified: Validated locations were found, but the claimed numeric value(s) were not present in the excerpt.",,,2026-10-02T10:46:37.788831+00:00
H0041,DESeq2,76c5f8523716804dbe0a9500b4b7e216c6af225c,[16] dataset.,unknown,other,"Check the parameters, defaults, formula, threshold, or statistical rule stated in this sentence.",R/AllClasses.R,141-145,"  }
  if (is.null(assayNames(se)) || assayNames(se)[1] != ""counts"") {
    # check if ""counts"" are in another assay spot:
    if (length(assayNames(se)) > 1) {
      if (""counts"" %in% assayNames(se)[-1]) {
",inconsistent,,,,False,"DRAFT - unverified: Validated locations were found, but the claimed numeric value(s) were not present in the excerpt.",,,2026-10-02T10:46:37.788831+00:00
H0042,DESeq2,76c5f8523716804dbe0a9500b4b7e216c6af225c,similar mean count and MLE logarithmic fold change are highlighted with green and purple circles.,unknown,other,"Check the parameters, defaults, formula, threshold, or statistical rule stated in this sentence.",R/plots.R,90-94,"  colNonSig = ""gray60"", colSig = ""blue"", colLine = ""grey40"",
  log = ""x"", cex=0.45,
  xlab=""mean of normalized counts"", ylab=""log fold change"",
  ... ) {
  if ( !( ncol(object) == 3 & inherits( object[[1]], ""numeric"" ) & inherits( object[[2]], ""numeric"" )
",partial,,,,False,"DRAFT - unverified: A validated location was found, but no numeric value was available for comparison.",,,2026-10-02T10:46:37.788831+00:00
H0043,DESeq2,76c5f8523716804dbe0a9500b4b7e216c6af225c,these genes reveal low dispersion for the gene in green and high dispersion for the gene in purple.,unknown,other,"Check the parameters, defaults, formula, threshold, or statistical rule stated in this sentence.",R/core.R,582-586,"#'
#' Normal users should instead use \code{\link{estimateDispersions}}.
#' These low-level functions are called by \code{\link{estimateDispersions}},
#' but are exported and documented for non-standard usage.
#' For instance, it is possible to replace fitted values with a custom fit and continue
",partial,,,,False,"DRAFT - unverified: A validated location was found, but no numeric value was available for comparison.",,,2026-10-02T10:46:37.788831+00:00
H0044,DESeq2,76c5f8523716804dbe0a9500b4b7e216c6af225c,than for the green gene.,unknown,other,"Check the parameters, defaults, formula, threshold, or statistical rule stated in this sentence.",R/AllClasses.R,141-145,"  }
  if (is.null(assayNames(se)) || assayNames(se)[1] != ""counts"") {
    # check if ""counts"" are in another assay spot:
    if (length(assayNames(se)) > 1) {
      if (""counts"" %in% assayNames(se)[-1]) {
",partial,,,,False,"DRAFT - unverified: A validated location was found, but no numeric value was available for comparison.",,,2026-10-02T10:46:37.788831+00:00
H0045,DESeq2,76c5f8523716804dbe0a9500b4b7e216c6af225c,LFC estimate (horizontal error bar).,unknown,other,"Check the parameters, defaults, formula, threshold, or statistical rule stated in this sentence.",tests/testthat/test_results.R,65-69,"
  dds3 <- DESeq(dds, betaPrior=TRUE)
  expect_error(results(dds3, lfcThreshold=1, altHypothesis=""lessAbs""))
})

",partial,,,,False,"DRAFT - unverified: A validated location was found, but no numeric value was available for comparison.",,,2026-10-02T10:46:37.788831+00:00
H0046,DESeq2,76c5f8523716804dbe0a9500b4b7e216c6af225c,", adjusted; LFC, logarithmic fold change; MAP, maximum a posteriori; MLE, maximum-likelihood estimate.",unknown,other,"Check the parameters, defaults, formula, threshold, or statistical rule stated in this sentence.",R/lfcShrink.R,68-72,"#' - see the Stephens (2016) reference below for citation;
#' \code{""normal""} is the 2014 DESeq2 shrinkage estimator using a Normal prior;
#' @param lfcThreshold a non-negative value which specifies a log2 fold change
#' threshold (as in \code{\link{results}}). This can be used with any
#' shrinkage \code{type}. It will produce new p-values or
",partial,,,,False,"DRAFT - unverified: A validated location was found, but no numeric value was available for comparison.",,,2026-10-02T10:46:37.788831+00:00
H0047,DESeq2,76c5f8523716804dbe0a9500b4b7e216c6af225c,over all genes.,unknown,other,"Check the parameters, defaults, formula, threshold, or statistical rule stated in this sentence.",R/AllClasses.R,172-176,"
  if (all(assay(se) == 0)) {
    stop(""all samples have 0 counts for all genes. check the counting script."")
  }
  
",partial,,,,False,"DRAFT - unverified: A validated location was found, but no numeric value was available for comparison.",,,2026-10-02T10:46:37.788831+00:00
H0048,DESeq2,76c5f8523716804dbe0a9500b4b7e216c6af225c,100 up- or down-regulated genes in group II.,unknown,other,"Check the parameters, defaults, formula, threshold, or statistical rule stated in this sentence.",R/AllClasses.R,141-145,"  }
  if (is.null(assayNames(se)) || assayNames(se)[1] != ""counts"") {
    # check if ""counts"" are in another assay spot:
    if (length(assayNames(se)) > 1) {
      if (""counts"" %in% assayNames(se)[-1]) {
",inconsistent,,,,False,"DRAFT - unverified: Validated locations were found, but the claimed numeric value(s) were not present in the excerpt.",,,2026-10-02T10:46:37.788831+00:00
H0049,DESeq2,76c5f8523716804dbe0a9500b4b7e216c6af225c,improves to 81 of 100 genes (Additional file 1: Figure S3).,unknown,other,"Check the parameters, defaults, formula, threshold, or statistical rule stated in this sentence.",R/core.R,2715-2719,"}

getAndCheckWeights <- function(object, modelMatrix, weightThreshold=1e-2) {
  if (""weights"" %in% assayNames(object)) {
    useWeights <- TRUE
",consistent,,,,False,"DRAFT - unverified: Validated excerpt contains claimed numeric value(s): 1, 100, 81.",,,2026-10-02T10:46:37.788831+00:00
H0050,DESeq2,76c5f8523716804dbe0a9500b4b7e216c6af225c,ber (pseudocount) to all counts before forming ratios.,unknown,other,"Check the parameters, defaults, formula, threshold, or statistical rule stated in this sentence.",R/AllClasses.R,141-145,"  }
  if (is.null(assayNames(se)) || assayNames(se)[1] != ""counts"") {
    # check if ""counts"" are in another assay spot:
    if (length(assayNames(se)) > 1) {
      if (""counts"" %in% assayNames(se)[-1]) {
",partial,,,,False,"DRAFT - unverified: A validated location was found, but no numeric value was available for comparison.",,,2026-10-02T10:46:37.788831+00:00
H0051,DESeq2,76c5f8523716804dbe0a9500b4b7e216c6af225c,Hochberg [21].,unknown,other,"Check the parameters, defaults, formula, threshold, or statistical rule stated in this sentence.",R/AllClasses.R,141-145,"  }
  if (is.null(assayNames(se)) || assayNames(se)[1] != ""counts"") {
    # check if ""counts"" are in another assay spot:
    if (length(assayNames(se)) > 1) {
      if (""counts"" %in% assayNames(se)[-1]) {
",inconsistent,,,,False,"DRAFT - unverified: Validated locations were found, but the claimed numeric value(s) were not present in the excerpt.",,,2026-10-02T10:46:37.788831+00:00
H0052,DESeq2,76c5f8523716804dbe0a9500b4b7e216c6af225c,lar objective is control or estimation of the FDR.,unknown,statistical_test,"Check the parameters, defaults, formula, threshold, or statistical rule stated in this sentence.",R/AllClasses.R,237-241,"      if (msgCenterScale) {
        message(""  the design formula contains one or more numeric variables that have mean or
  standard deviation larger than 5 (an arbitrary threshold to trigger this message).
  Including numeric variables with large mean can induce collinearity with the intercept.
  Users should center and scale numeric variables in the design to improve GLM convergence."")
",partial,,,,False,"DRAFT - unverified: A validated location was found, but no numeric value was available for comparison.",,,2026-10-02T10:46:37.788831+00:00
H0053,DESeq2,76c5f8523716804dbe0a9500b4b7e216c6af225c,Figure 3 Stability of logarithmic fold changes.,unknown,other,"Check the parameters, defaults, formula, threshold, or statistical rule stated in this sentence.",R/AllClasses.R,141-145,"  }
  if (is.null(assayNames(se)) || assayNames(se)[1] != ""counts"") {
    # check if ""counts"" are in another assay spot:
    if (length(assayNames(se)) > 1) {
      if (""counts"" %in% assayNames(se)[-1]) {
",inconsistent,,,,False,"DRAFT - unverified: Validated locations were found, but the claimed numeric value(s) were not present in the excerpt.",,,2026-10-02T10:46:37.788831+00:00
H0054,DESeq2,76c5f8523716804dbe0a9500b4b7e216c6af225c,right quadrants indicate genes with a change of sign of LFC.,unknown,other,"Check the parameters, defaults, formula, threshold, or statistical rule stated in this sentence.",R/AllClasses.R,18-22,"
  design <- design(object)
  # 'design' is either a formula or matrix
  stopifnot(is(design, ""formula"") | is(design, ""matrix""))

",partial,,,,False,"DRAFT - unverified: A validated location was found, but no numeric value was available for comparison.",,,2026-10-02T10:46:37.788831+00:00
H0055,DESeq2,76c5f8523716804dbe0a9500b4b7e216c6af225c,1.,unknown,other,"Check the parameters, defaults, formula, threshold, or statistical rule stated in this sentence.",R/core.R,2715-2719,"}

getAndCheckWeights <- function(object, modelMatrix, weightThreshold=1e-2) {
  if (""weights"" %in% assayNames(object)) {
    useWeights <- TRUE
",consistent,,,,False,DRAFT - unverified: Validated excerpt contains claimed numeric value(s): 1.,,,2026-10-02T10:46:37.788831+00:00
H0056,DESeq2,76c5f8523716804dbe0a9500b4b7e216c6af225c,"maximum-likelihood estimate; RMSE, root-mean-square error.",unknown,other,"Check the parameters, defaults, formula, threshold, or statistical rule stated in this sentence.",R/core.R,1273-1277,"#' This ensures that log2 fold changes will be independent of the choice
#' of reference level. In this case, the beta prior variance for each factor
#' is calculated as the average of the mean squared maximum likelihood
#' estimates for each level and every possible contrast. 
#'
",partial,,,,False,"DRAFT - unverified: A validated location was found, but no numeric value was available for comparison.",,,2026-10-02T10:46:37.788831+00:00
H0057,DESeq2,76c5f8523716804dbe0a9500b4b7e216c6af225c,often higher than the individual P values of these genes.,unknown,other,"Check the parameters, defaults, formula, threshold, or statistical rule stated in this sentence.",R/AllClasses.R,29-33,"    if (any(designVarsClass == ""character"")) {
      return(""variables in design formula are character vectors.
  convert these columns of colData(object) to factors before including in the design formula"")
    }
    designFactors <- designVars[designVarsClass == ""factor""]
",partial,,,,False,"DRAFT - unverified: A validated location was found, but no numeric value was available for comparison.",,,2026-10-02T10:46:37.788831+00:00
H0058,DESeq2,76c5f8523716804dbe0a9500b4b7e216c6af225c,null hypothesis [22] (see Methods).,unknown,other,"Check the parameters, defaults, formula, threshold, or statistical rule stated in this sentence.",R/AllClasses.R,141-145,"  }
  if (is.null(assayNames(se)) || assayNames(se)[1] != ""counts"") {
    # check if ""counts"" are in another assay spot:
    if (length(assayNames(se)) > 1) {
      if (""counts"" %in% assayNames(se)[-1]) {
",inconsistent,,,,False,"DRAFT - unverified: Validated locations were found, but the claimed numeric value(s) were not present in the excerpt.",,,2026-10-02T10:46:37.788831+00:00
H0059,DESeq2,76c5f8523716804dbe0a9500b4b7e216c6af225c,a user-specified target FDR.,unknown,statistical_test,"Check the parameters, defaults, formula, threshold, or statistical rule stated in this sentence.",R/AllClasses.R,104-108,"#' columns are sample metadata which will be stored in \code{colData}
#' @param txi for tximport: the simple list output of the \code{tximport} function
#' @param directory for htseq-count: the directory relative to which the filenames are specified. defaults to current directory
#' @param ignoreRank use of this argument is reserved for DEXSeq developers only.
#' Users will immediately encounter an error upon trying to estimate dispersion
",partial,,,,False,"DRAFT - unverified: A validated location was found, but no numeric value was available for comparison.",,,2026-10-02T10:46:37.788831+00:00
H0060,DESeq2,76c5f8523716804dbe0a9500b4b7e216c6af225c,of 10% are depicted in red.,unknown,other,"Check the parameters, defaults, formula, threshold, or statistical rule stated in this sentence.",R/AllClasses.R,141-145,"  }
  if (is.null(assayNames(se)) || assayNames(se)[1] != ""counts"") {
    # check if ""counts"" are in another assay spot:
    if (length(assayNames(se)) > 1) {
      if (""counts"" %in% assayNames(se)[-1]) {
",inconsistent,,,,False,"DRAFT - unverified: Validated locations were found, but the claimed numeric value(s) were not present in the excerpt.",,,2026-10-02T10:46:37.788831+00:00
H0061,DESeq2,76c5f8523716804dbe0a9500b4b7e216c6af225c,most genes.,unknown,other,"Check the parameters, defaults, formula, threshold, or statistical rule stated in this sentence.",R/AllClasses.R,141-145,"  }
  if (is.null(assayNames(se)) || assayNames(se)[1] != ""counts"") {
    # check if ""counts"" are in another assay spot:
    if (length(assayNames(se)) > 1) {
      if (""counts"" %in% assayNames(se)[-1]) {
",partial,,,,False,"DRAFT - unverified: A validated location was found, but no numeric value was available for comparison.",,,2026-10-02T10:46:37.788831+00:00
H0062,DESeq2,76c5f8523716804dbe0a9500b4b7e216c6af225c,ered biologically significant.,unknown,statistical_test,"Check the parameters, defaults, formula, threshold, or statistical rule stated in this sentence.",R/AllClasses.R,244-248,"
    if (any(designVarsClass == ""ordered"")) {
      stop(""the design formula contains an ordered factor. The internal steps
do not work on ordered factors as a formula. Instead you should provide a matrix to
the 'design' slot or to the 'full' argument of DESeq(), constructed using model.matrix."")
",partial,,,,False,"DRAFT - unverified: A validated location was found, but no numeric value was available for comparison.",,,2026-10-02T10:46:37.788831+00:00
H0063,DESeq2,76c5f8523716804dbe0a9500b4b7e216c6af225c,"threshold, |βir| ≤ θ.",unknown,filtering,"Check the parameters, defaults, formula, threshold, or statistical rule stated in this sentence.",R/core.R,697-701,"  # (we need this already to decide about linear mu fitting)
  attr(object, ""weightsOK"") <- NULL # reset any information
  wlist <- getAndCheckWeights(object, modelMatrix, weightThreshold=weightThreshold)
  object <- wlist$object
  weights <- wlist$weights
",partial,,,,False,"DRAFT - unverified: A validated location was found, but no numeric value was available for comparison.",,,2026-10-02T10:46:37.788831+00:00
H0064,DESeq2,76c5f8523716804dbe0a9500b4b7e216c6af225c,threshold.,unknown,filtering,"Check the parameters, defaults, formula, threshold, or statistical rule stated in this sentence.",R/core.R,697-701,"  # (we need this already to decide about linear mu fitting)
  attr(object, ""weightsOK"") <- NULL # reset any information
  wlist <- getAndCheckWeights(object, modelMatrix, weightThreshold=weightThreshold)
  object <- wlist$object
  weights <- wlist$weights
",partial,,,,False,"DRAFT - unverified: A validated location was found, but no numeric value was available for comparison.",,,2026-10-02T10:46:37.788831+00:00
H0065,DESeq2,76c5f8523716804dbe0a9500b4b7e216c6af225c,data [19].,unknown,other,"Check the parameters, defaults, formula, threshold, or statistical rule stated in this sentence.",R/AllClasses.R,24-28,"    designVars <- all.vars(design)
    if (!all(designVars %in% names(colData(object)))) {
      return(""all variables in design formula must be columns in colData"")
    }
    designVarsClass <- sapply(designVars, function(v) class(colData(object)[[v]]))
",inconsistent,,,,False,"DRAFT - unverified: Validated locations were found, but the claimed numeric value(s) were not present in the excerpt.",,,2026-10-02T10:46:37.788831+00:00
H0066,DESeq2,76c5f8523716804dbe0a9500b4b7e216c6af225c,assumptions of the model [24].,unknown,other,"Check the parameters, defaults, formula, threshold, or statistical rule stated in this sentence.",R/core.R,697-701,"  # (we need this already to decide about linear mu fitting)
  attr(object, ""weightsOK"") <- NULL # reset any information
  wlist <- getAndCheckWeights(object, modelMatrix, weightThreshold=weightThreshold)
  object <- wlist$object
  weights <- wlist$weights
",inconsistent,,,,False,"DRAFT - unverified: Validated locations were found, but the claimed numeric value(s) were not present in the excerpt.",,,2026-10-02T10:46:37.788831+00:00
H0067,DESeq2,76c5f8523716804dbe0a9500b4b7e216c6af225c,for a gene.,unknown,other,"Check the parameters, defaults, formula, threshold, or statistical rule stated in this sentence.",R/AllClasses.R,141-145,"  }
  if (is.null(assayNames(se)) || assayNames(se)[1] != ""counts"") {
    # check if ""counts"" are in another assay spot:
    if (length(assayNames(se)) > 1) {
      if (""counts"" %in% assayNames(se)[-1]) {
",partial,,,,False,"DRAFT - unverified: A validated location was found, but no numeric value was available for comparison.",,,2026-10-02T10:46:37.788831+00:00
H0068,DESeq2,76c5f8523716804dbe0a9500b4b7e216c6af225c,Figure 4 Hypothesis testing involving non-zero thresholds.,unknown,filtering,"Check the parameters, defaults, formula, threshold, or statistical rule stated in this sentence.",R/results.R,353-357,"  }
  if (lfcThreshold == 0 & altHypothesis == ""lessAbs"") {
    stop(""when testing altHypothesis='lessAbs', set the argument lfcThreshold to a positive value"")
  }
  
",inconsistent,,,,False,"DRAFT - unverified: Validated locations were found, but the claimed numeric value(s) were not present in the excerpt.",,,2026-10-02T10:46:37.788831+00:00
H0069,DESeq2,76c5f8523716804dbe0a9500b4b7e216c6af225c,adjusted P values.,unknown,other,"Check the parameters, defaults, formula, threshold, or statistical rule stated in this sentence.",R/AllClasses.R,141-145,"  }
  if (is.null(assayNames(se)) || assayNames(se)[1] != ""counts"") {
    # check if ""counts"" are in another assay spot:
    if (length(assayNames(se)) > 1) {
      if (""counts"" %in% assayNames(se)[-1]) {
",partial,,,,False,"DRAFT - unverified: A validated location was found, but no numeric value was available for comparison.",,,2026-10-02T10:46:37.788831+00:00
H0070,DESeq2,76c5f8523716804dbe0a9500b4b7e216c6af225c,", adjusted.",unknown,other,"Check the parameters, defaults, formula, threshold, or statistical rule stated in this sentence.",R/AllClasses.R,141-145,"  }
  if (is.null(assayNames(se)) || assayNames(se)[1] != ""counts"") {
    # check if ""counts"" are in another assay spot:
    if (length(assayNames(se)) > 1) {
      if (""counts"" %in% assayNames(se)[-1]) {
",partial,,,,False,"DRAFT - unverified: A validated location was found, but no numeric value was available for comparison.",,,2026-10-02T10:46:37.788831+00:00
H0071,DESeq2,76c5f8523716804dbe0a9500b4b7e216c6af225c,region around ⃗βi fit using all the samples [25].,unknown,other,"Check the parameters, defaults, formula, threshold, or statistical rule stated in this sentence.",R/AllClasses.R,172-176,"
  if (all(assay(se) == 0)) {
    stop(""all samples have 0 counts for all genes. check the counting script."")
  }
  
",inconsistent,,,,False,"DRAFT - unverified: Validated locations were found, but the claimed numeric value(s) were not present in the excerpt.",,,2026-10-02T10:46:37.788831+00:00
H0072,DESeq2,76c5f8523716804dbe0a9500b4b7e216c6af225c,gene from downstream analysis.,unknown,other,"Check the parameters, defaults, formula, threshold, or statistical rule stated in this sentence.",R/AllClasses.R,141-145,"  }
  if (is.null(assayNames(se)) || assayNames(se)[1] != ""counts"") {
    # check if ""counts"" are in another assay spot:
    if (length(assayNames(se)) > 1) {
      if (""counts"" %in% assayNames(se)[-1]) {
",partial,,,,False,"DRAFT - unverified: A validated location was found, but no numeric value was available for comparison.",,,2026-10-02T10:46:37.788831+00:00
H0073,DESeq2,76c5f8523716804dbe0a9500b4b7e216c6af225c,"the dispersion, LFCs and P values for these genes.",unknown,other,"Check the parameters, defaults, formula, threshold, or statistical rule stated in this sentence.",R/AllClasses.R,29-33,"    if (any(designVarsClass == ""character"")) {
      return(""variables in design formula are character vectors.
  convert these columns of colData(object) to factors before including in the design formula"")
    }
    designFactors <- designVars[designVarsClass == ""factor""]
",partial,,,,False,"DRAFT - unverified: A validated location was found, but no numeric value was available for comparison.",,,2026-10-02T10:46:37.788831+00:00
H0074,DESeq2,76c5f8523716804dbe0a9500b4b7e216c6af225c,[16] dataset.,unknown,other,"Check the parameters, defaults, formula, threshold, or statistical rule stated in this sentence.",R/AllClasses.R,141-145,"  }
  if (is.null(assayNames(se)) || assayNames(se)[1] != ""counts"") {
    # check if ""counts"" are in another assay spot:
    if (length(assayNames(se)) > 1) {
      if (""counts"" %in% assayNames(se)[-1]) {
",inconsistent,,,,False,"DRAFT - unverified: Validated locations were found, but the claimed numeric value(s) were not present in the excerpt.",,,2026-10-02T10:46:37.788831+00:00
H0075,DESeq2,76c5f8523716804dbe0a9500b4b7e216c6af225c,better fit to the majority of the samples.,unknown,other,"Check the parameters, defaults, formula, threshold, or statistical rule stated in this sentence.",R/AllClasses.R,141-145,"  }
  if (is.null(assayNames(se)) || assayNames(se)[1] != ""counts"") {
    # check if ""counts"" are in another assay spot:
    if (length(assayNames(se)) > 1) {
      if (""counts"" %in% assayNames(se)[-1]) {
",partial,,,,False,"DRAFT - unverified: A validated location was found, but no numeric value was available for comparison.",,,2026-10-02T10:46:37.788831+00:00
H0076,DESeq2,76c5f8523716804dbe0a9500b4b7e216c6af225c,"genes, which show exaggerated LFCs, as discussed above.",unknown,other,"Check the parameters, defaults, formula, threshold, or statistical rule stated in this sentence.",R/AllClasses.R,67-71,"#' enforces non-negative integer values in the ""counts"" matrix stored as
#' the first element in the assay list.
#' In addition, a formula which specifies the design of the experiment must be provided.
#' The constructor functions create a DESeqDataSet object
#' from various types of input:
",partial,,,,False,"DRAFT - unverified: A validated location was found, but no numeric value was available for comparison.",,,2026-10-02T10:46:37.788831+00:00
H0077,DESeq2,76c5f8523716804dbe0a9500b4b7e216c6af225c,different samples for genes with low counts.,unknown,other,"Check the parameters, defaults, formula, threshold, or statistical rule stated in this sentence.",R/AllClasses.R,94-98,"#' the last variable in the formula for building results tables and plotting.
#' \code{~ 1} can be used for no design, although users need to remember
#' to switch to another design for differential testing.
#' @param countData for matrix input: a matrix of non-negative integers
#' @param colData for matrix input: a \code{DataFrame} or \code{data.frame} with at least a single column.
",partial,,,,False,"DRAFT - unverified: A validated location was found, but no numeric value was available for comparison.",,,2026-10-02T10:46:37.788831+00:00
H0078,DESeq2,76c5f8523716804dbe0a9500b4b7e216c6af225c,mean counts.,unknown,other,"Check the parameters, defaults, formula, threshold, or statistical rule stated in this sentence.",R/AllClasses.R,141-145,"  }
  if (is.null(assayNames(se)) || assayNames(se)[1] != ""counts"") {
    # check if ""counts"" are in another assay spot:
    if (length(assayNames(se)) > 1) {
      if (""counts"" %in% assayNames(se)[-1]) {
",partial,,,,False,"DRAFT - unverified: A validated location was found, but no numeric value was available for comparison.",,,2026-10-02T10:46:37.788831+00:00
H0079,DESeq2,76c5f8523716804dbe0a9500b4b7e216c6af225c,boring genes undergo shrinkage of different strength.,unknown,other,"Check the parameters, defaults, formula, threshold, or statistical rule stated in this sentence.",R/AllClasses.R,94-98,"#' the last variable in the formula for building results tables and plotting.
#' \code{~ 1} can be used for no design, although users need to remember
#' to switch to another design for differential testing.
#' @param countData for matrix input: a matrix of non-negative integers
#' @param colData for matrix input: a \code{DataFrame} or \code{data.frame} with at least a single column.
",partial,,,,False,"DRAFT - unverified: A validated location was found, but no numeric value was available for comparison.",,,2026-10-02T10:46:37.788831+00:00
H0080,DESeq2,76c5f8523716804dbe0a9500b4b7e216c6af225c,"trols, at 2 weeks and at 2 months after the ligation.",unknown,other,"Check the parameters, defaults, formula, threshold, or statistical rule stated in this sentence.",R/core.R,2715-2719,"}

getAndCheckWeights <- function(object, modelMatrix, weightThreshold=1e-2) {
  if (""weights"" %in% assayNames(object)) {
    useWeights <- TRUE
",consistent,,,,False,DRAFT - unverified: Validated excerpt contains claimed numeric value(s): 2.,,,2026-10-02T10:46:37.788831+00:00
H0081,DESeq2,76c5f8523716804dbe0a9500b4b7e216c6af225c,ReCount online resource [27].,unknown,other,"Check the parameters, defaults, formula, threshold, or statistical rule stated in this sentence.",R/AllClasses.R,141-145,"  }
  if (is.null(assayNames(se)) || assayNames(se)[1] != ""counts"") {
    # check if ""counts"" are in another assay spot:
    if (length(assayNames(se)) > 1) {
      if (""counts"" %in% assayNames(se)[-1]) {
",inconsistent,,,,False,"DRAFT - unverified: Validated locations were found, but the claimed numeric value(s) were not present in the excerpt.",,,2026-10-02T10:46:37.788831+00:00
H0082,DESeq2,76c5f8523716804dbe0a9500b4b7e216c6af225c,[16] dataset.,unknown,other,"Check the parameters, defaults, formula, threshold, or statistical rule stated in this sentence.",R/AllClasses.R,141-145,"  }
  if (is.null(assayNames(se)) || assayNames(se)[1] != ""counts"") {
    # check if ""counts"" are in another assay spot:
    if (length(assayNames(se)) > 1) {
      if (""counts"" %in% assayNames(se)[-1]) {
",inconsistent,,,,False,"DRAFT - unverified: Validated locations were found, but the claimed numeric value(s) were not present in the excerpt.",,,2026-10-02T10:46:37.788831+00:00
H0083,DESeq2,76c5f8523716804dbe0a9500b4b7e216c6af225c,Figure 5 Variance stabilization and clustering after rlog transformation.,unknown,other,"Check the parameters, defaults, formula, threshold, or statistical rule stated in this sentence.",R/AllClasses.R,141-145,"  }
  if (is.null(assayNames(se)) || assayNames(se)[1] != ""counts"") {
    # check if ""counts"" are in another assay spot:
    if (length(assayNames(se)) > 1) {
      if (""counts"" %in% assayNames(se)[-1]) {
",consistent,,,,False,DRAFT - unverified: Validated excerpt contains claimed numeric value(s): 5.,,,2026-10-02T10:46:37.788831+00:00
H0084,DESeq2,76c5f8523716804dbe0a9500b4b7e216c6af225c,"f(Kij) = log2(Kij/sj + 1), and the rlog.",unknown,formula,"Check the parameters, defaults, formula, threshold, or statistical rule stated in this sentence.",R/core.R,2715-2719,"}

getAndCheckWeights <- function(object, modelMatrix, weightThreshold=1e-2) {
  if (""weights"" %in% assayNames(object)) {
    useWeights <- TRUE
",consistent,,,,False,DRAFT - unverified: Validated excerpt contains claimed numeric value(s): 1.,,,2026-10-02T10:46:37.788831+00:00
H0085,DESeq2,76c5f8523716804dbe0a9500b4b7e216c6af225c,"groups defined by treatment and time, while using the logarithm-transformed counts (C) produces a more ambiguous result.",unknown,other,"Check the parameters, defaults, formula, threshold, or statistical rule stated in this sentence.",R/results.R,28-32,"#' Note that \code{contrast} will set to 0 the estimated LFC in a
#' comparison of two groups, where all of the counts in the two groups
#' are equal to 0 (while other groups have positive counts), while
#' \code{name} will not automatically set these LFC to 0.
#' The test statistic used for a contrast is:
",partial,,,,False,"DRAFT - unverified: A validated location was found, but no numeric value was available for comparison.",,,2026-10-02T10:46:37.788831+00:00
H0086,DESeq2,76c5f8523716804dbe0a9500b4b7e216c6af225c,assigned to a gene.,unknown,other,"Check the parameters, defaults, formula, threshold, or statistical rule stated in this sentence.",R/AllClasses.R,141-145,"  }
  if (is.null(assayNames(se)) || assayNames(se)[1] != ""counts"") {
    # check if ""counts"" are in another assay spot:
    if (length(assayNames(se)) > 1) {
      if (""counts"" %in% assayNames(se)[-1]) {
",partial,,,,False,"DRAFT - unverified: A validated location was found, but no numeric value was available for comparison.",,,2026-10-02T10:46:37.788831+00:00
H0087,DESeq2,76c5f8523716804dbe0a9500b4b7e216c6af225c,nate from each gene.,unknown,other,"Check the parameters, defaults, formula, threshold, or statistical rule stated in this sentence.",R/AllClasses.R,86-90,"#' package.
#' @param design a \code{formula} or \code{matrix}.
#' the \code{formula} expresses how the counts for each gene
#' depend on the variables in \code{colData}. Many R \code{formula} are valid,
#' including designs with multiple variables, e.g., \code{~ group + condition},
",partial,,,,False,"DRAFT - unverified: A validated location was found, but no numeric value was available for comparison.",,,2026-10-02T10:46:37.788831+00:00
H0088,DESeq2,76c5f8523716804dbe0a9500b4b7e216c6af225c,cases [28].,unknown,other,"Check the parameters, defaults, formula, threshold, or statistical rule stated in this sentence.",R/AllClasses.R,141-145,"  }
  if (is.null(assayNames(se)) || assayNames(se)[1] != ""counts"") {
    # check if ""counts"" are in another assay spot:
    if (length(assayNames(se)) > 1) {
      if (""counts"" %in% assayNames(se)[-1]) {
",inconsistent,,,,False,"DRAFT - unverified: Validated locations were found, but the claimed numeric value(s) were not present in the excerpt.",,,2026-10-02T10:46:37.788831+00:00
H0089,DESeq2,76c5f8523716804dbe0a9500b4b7e216c6af225c,"for alternative isoforms in splice graphs [31,32].",unknown,other,"Check the parameters, defaults, formula, threshold, or statistical rule stated in this sentence.",R/AllClasses.R,141-145,"  }
  if (is.null(assayNames(se)) || assayNames(se)[1] != ""counts"") {
    # check if ""counts"" are in another assay spot:
    if (length(assayNames(se)) > 1) {
      if (""counts"" %in% assayNames(se)[-1]) {
",inconsistent,,,,False,"DRAFT - unverified: Validated locations were found, but the claimed numeric value(s) were not present in the excerpt.",,,2026-10-02T10:46:37.788831+00:00
H0090,DESeq2,76c5f8523716804dbe0a9500b4b7e216c6af225c,we used a combination of simulations and real data.,unknown,parameters,"Check the parameters, defaults, formula, threshold, or statistical rule stated in this sentence.",R/core.R,697-701,"  # (we need this already to decide about linear mu fitting)
  attr(object, ""weightsOK"") <- NULL # reset any information
  wlist <- getAndCheckWeights(object, modelMatrix, weightThreshold=weightThreshold)
  object <- wlist$object
  weights <- wlist$weights
",partial,,,,False,"DRAFT - unverified: A validated location was found, but no numeric value was available for comparison.",,,2026-10-02T10:46:37.788831+00:00
H0091,DESeq2,76c5f8523716804dbe0a9500b4b7e216c6af225c,"option [34], DSS [6] and EBSeq [35].",unknown,other,"Check the parameters, defaults, formula, threshold, or statistical rule stated in this sentence.",R/AllClasses.R,141-145,"  }
  if (is.null(assayNames(se)) || assayNames(se)[1] != ""counts"") {
    # check if ""counts"" are in another assay spot:
    if (length(assayNames(se)) > 1) {
      if (""counts"" %in% assayNames(se)[-1]) {
",inconsistent,,,,False,"DRAFT - unverified: Validated locations were found, but the claimed numeric value(s) were not present in the excerpt.",,,2026-10-02T10:46:37.788831+00:00
H0092,DESeq2,76c5f8523716804dbe0a9500b4b7e216c6af225c,SAMseq permutation method of the samr package [24].,unknown,other,"Check the parameters, defaults, formula, threshold, or statistical rule stated in this sentence.",R/AllClasses.R,141-145,"  }
  if (is.null(assayNames(se)) || assayNames(se)[1] != ""counts"") {
    # check if ""counts"" are in another assay spot:
    if (length(assayNames(se)) > 1) {
      if (""counts"" %in% assayNames(se)[-1]) {
",inconsistent,,,,False,"DRAFT - unverified: Validated locations were found, but the claimed numeric value(s) were not present in the excerpt.",,,2026-10-02T10:46:37.788831+00:00
H0093,DESeq2,76c5f8523716804dbe0a9500b4b7e216c6af225c,procedure [21].,unknown,other,"Check the parameters, defaults, formula, threshold, or statistical rule stated in this sentence.",R/AllClasses.R,141-145,"  }
  if (is.null(assayNames(se)) || assayNames(se)[1] != ""counts"") {
    # check if ""counts"" are in another assay spot:
    if (length(assayNames(se)) > 1) {
      if (""counts"" %in% assayNames(se)[-1]) {
",inconsistent,,,,False,"DRAFT - unverified: Validated locations were found, but the claimed numeric value(s) were not present in the excerpt.",,,2026-10-02T10:46:37.788831+00:00
H0094,DESeq2,76c5f8523716804dbe0a9500b4b7e216c6af225c,"10,000 genes with negative binomial distributed counts.",unknown,other,"Check the parameters, defaults, formula, threshold, or statistical rule stated in this sentence.",R/methods.R,605-609,"#' Estimate the dispersions for a DESeqDataSet
#' 
#' This function obtains dispersion estimates for Negative Binomial distributed data.
#'
#' Typically the function is called with the idiom:
",inconsistent,,,,False,"DRAFT - unverified: Validated locations were found, but the claimed numeric value(s) were not present in the excerpt.",,,2026-10-02T10:46:37.788831+00:00
H0095,DESeq2,76c5f8523716804dbe0a9500b4b7e216c6af225c,"genes, throughout the range of mean counts.",unknown,other,"Check the parameters, defaults, formula, threshold, or statistical rule stated in this sentence.",tests/testthat/test_outlier.R,30-34,"  expect_equal(results(dds1)$pvalue[idx], results(dds0)$pvalue[idx])

  # check that outlier filtering catches throughout range of mu
  beta0 <- seq(from=1,to=16,length.out=100)
  idx <- rep(rep(c(TRUE,FALSE),c(1,9)),10)
",partial,,,,False,"DRAFT - unverified: A validated location was found, but no numeric value was available for comparison.",,,2026-10-02T10:46:37.788831+00:00
H0096,DESeq2,76c5f8523716804dbe0a9500b4b7e216c6af225c,1.,unknown,other,"Check the parameters, defaults, formula, threshold, or statistical rule stated in this sentence.",R/core.R,2715-2719,"}

getAndCheckWeights <- function(object, modelMatrix, weightThreshold=1e-2) {
  if (""weights"" %in% assayNames(object)) {
    useWeights <- TRUE
",consistent,,,,False,DRAFT - unverified: Validated excerpt contains claimed numeric value(s): 1.,,,2026-10-02T10:46:37.788831+00:00
H0097,DESeq2,76c5f8523716804dbe0a9500b4b7e216c6af225c,"precision, or the FDR, in Figure 6.",unknown,statistical_test,"Check the parameters, defaults, formula, threshold, or statistical rule stated in this sentence.",R/core.R,697-701,"  # (we need this already to decide about linear mu fitting)
  attr(object, ""weightsOK"") <- NULL # reset any information
  wlist <- getAndCheckWeights(object, modelMatrix, weightThreshold=weightThreshold)
  object <- wlist$object
  weights <- wlist$weights
",inconsistent,,,,False,"DRAFT - unverified: Validated locations were found, but the claimed numeric value(s) were not present in the excerpt.",,,2026-10-02T10:46:37.788831+00:00
H0098,DESeq2,76c5f8523716804dbe0a9500b4b7e216c6af225c,P values used for calling differentially expressed genes.,unknown,parameters,"Check the parameters, defaults, formula, threshold, or statistical rule stated in this sentence.",R/AllClasses.R,172-176,"
  if (all(assay(se) == 0)) {
    stop(""all samples have 0 counts for all genes. check the counting script."")
  }
  
",partial,,,,False,"DRAFT - unverified: A validated location was found, but no numeric value was available for comparison.",,,2026-10-02T10:46:37.788831+00:00
H0099,DESeq2,76c5f8523716804dbe0a9500b4b7e216c6af225c,[34].,unknown,other,"Check the parameters, defaults, formula, threshold, or statistical rule stated in this sentence.",R/AllClasses.R,141-145,"  }
  if (is.null(assayNames(se)) || assayNames(se)[1] != ""counts"") {
    # check if ""counts"" are in another assay spot:
    if (length(assayNames(se)) > 1) {
      if (""counts"" %in% assayNames(se)[-1]) {
",inconsistent,,,,False,"DRAFT - unverified: Validated locations were found, but the claimed numeric value(s) were not present in the excerpt.",,,2026-10-02T10:46:37.788831+00:00
H0100,DESeq2,76c5f8523716804dbe0a9500b4b7e216c6af225c,compared in Additional file 1: Figure S9.,unknown,other,"Check the parameters, defaults, formula, threshold, or statistical rule stated in this sentence.",R/core.R,2715-2719,"}

getAndCheckWeights <- function(object, modelMatrix, weightThreshold=1e-2) {
  if (""weights"" %in% assayNames(object)) {
    useWeights <- TRUE
",consistent,,,,False,DRAFT - unverified: Validated excerpt contains claimed numeric value(s): 1.,,,2026-10-02T10:46:37.788831+00:00
H0101,DESeq2,76c5f8523716804dbe0a9500b4b7e216c6af225c,down-weighting potential outlier counts [34].,unknown,other,"Check the parameters, defaults, formula, threshold, or statistical rule stated in this sentence.",R/AllClasses.R,141-145,"  }
  if (is.null(assayNames(se)) || assayNames(se)[1] != ""counts"") {
    # check if ""counts"" are in another assay spot:
    if (length(assayNames(se)) > 1) {
      if (""counts"" %in% assayNames(se)[-1]) {
",inconsistent,,,,False,"DRAFT - unverified: Validated locations were found, but the claimed numeric value(s) were not present in the excerpt.",,,2026-10-02T10:46:37.788831+00:00
H0102,DESeq2,76c5f8523716804dbe0a9500b4b7e216c6af225c,seen in Additional file 1: Figure S11.,unknown,other,"Check the parameters, defaults, formula, threshold, or statistical rule stated in this sentence.",R/core.R,2715-2719,"}

getAndCheckWeights <- function(object, modelMatrix, weightThreshold=1e-2) {
  if (""weights"" %in% assayNames(object)) {
    useWeights <- TRUE
",consistent,,,,False,DRAFT - unverified: Validated excerpt contains claimed numeric value(s): 1.,,,2026-10-02T10:46:37.788831+00:00
H0103,DESeq2,76c5f8523716804dbe0a9500b4b7e216c6af225c,Figure 6 Sensitivity and precision of algorithmsacross combinationsof samplesize and effect size.,unknown,other,"Check the parameters, defaults, formula, threshold, or statistical rule stated in this sentence.",R/AllClasses.R,141-145,"  }
  if (is.null(assayNames(se)) || assayNames(se)[1] != ""counts"") {
    # check if ""counts"" are in another assay spot:
    if (length(assayNames(se)) > 1) {
      if (""counts"" %in% assayNames(se)[-1]) {
",inconsistent,,,,False,"DRAFT - unverified: Validated locations were found, but the claimed numeric value(s) were not present in the excerpt.",,,2026-10-02T10:46:37.788831+00:00
H0104,DESeq2,76c5f8523716804dbe0a9500b4b7e216c6af225c,see Additional file 1: Figure S9.,unknown,other,"Check the parameters, defaults, formula, threshold, or statistical rule stated in this sentence.",R/core.R,2715-2719,"}

getAndCheckWeights <- function(object, modelMatrix, weightThreshold=1e-2) {
  if (""weights"" %in% assayNames(object)) {
    useWeights <- TRUE
",consistent,,,,False,DRAFT - unverified: Validated excerpt contains claimed numeric value(s): 1.,,,2026-10-02T10:46:37.788831+00:00
H0105,DESeq2,76c5f8523716804dbe0a9500b4b7e216c6af225c,Note that EBSeq filters low-count genes (see main text for details).,unknown,filtering,"Check the parameters, defaults, formula, threshold, or statistical rule stated in this sentence.",R/helper.R,139-143,"#' with a single column of read counts for each sample.
#' This function will issue a warning if there are other assays other than
#' \code{""counts""}, see details below in 'Value'.
#'
#' Note: by ""technical replicates"", we mean multiple sequencing runs of the same
",partial,,,,False,"DRAFT - unverified: A validated location was found, but no numeric value was available for comparison.",,,2026-10-02T10:46:37.788831+00:00
H0106,DESeq2,76c5f8523716804dbe0a9500b4b7e216c6af225c,file 1: Figures S12–S16.,unknown,other,"Check the parameters, defaults, formula, threshold, or statistical rule stated in this sentence.",R/core.R,2715-2719,"}

getAndCheckWeights <- function(object, modelMatrix, weightThreshold=1e-2) {
  if (""weights"" %in% assayNames(object)) {
    useWeights <- TRUE
",consistent,,,,False,DRAFT - unverified: Validated excerpt contains claimed numeric value(s): 1.,,,2026-10-02T10:46:37.788831+00:00
H0107,DESeq2,76c5f8523716804dbe0a9500b4b7e216c6af225c,had higher error over all genes.,unknown,other,"Check the parameters, defaults, formula, threshold, or statistical rule stated in this sentence.",R/AllClasses.R,172-176,"
  if (all(assay(se) == 0)) {
    stop(""all samples have 0 counts for all genes. check the counting script."")
  }
  
",partial,,,,False,"DRAFT - unverified: A validated location was found, but no numeric value was available for comparison.",,,2026-10-02T10:46:37.788831+00:00
H0108,DESeq2,76c5f8523716804dbe0a9500b4b7e216c6af225c,of normalized counts).,unknown,other,"Check the parameters, defaults, formula, threshold, or statistical rule stated in this sentence.",R/AllClasses.R,141-145,"  }
  if (is.null(assayNames(se)) || assayNames(se)[1] != ""counts"") {
    # check if ""counts"" are in another assay spot:
    if (length(assayNames(se)) > 1) {
      if (""counts"" %in% assayNames(se)[-1]) {
",partial,,,,False,"DRAFT - unverified: A validated location was found, but no numeric value was available for comparison.",,,2026-10-02T10:46:37.788831+00:00
H0109,DESeq2,76c5f8523716804dbe0a9500b4b7e216c6af225c,expression [39].,unknown,other,"Check the parameters, defaults, formula, threshold, or statistical rule stated in this sentence.",R/AllClasses.R,141-145,"  }
  if (is.null(assayNames(se)) || assayNames(se)[1] != ""counts"") {
    # check if ""counts"" are in another assay spot:
    if (length(assayNames(se)) > 1) {
      if (""counts"" %in% assayNames(se)[-1]) {
",inconsistent,,,,False,"DRAFT - unverified: Validated locations were found, but the claimed numeric value(s) were not present in the excerpt.",,,2026-10-02T10:46:37.788831+00:00
H0110,DESeq2,76c5f8523716804dbe0a9500b4b7e216c6af225c,differentially expressed genes exist.,unknown,other,"Check the parameters, defaults, formula, threshold, or statistical rule stated in this sentence.",R/AllClasses.R,141-145,"  }
  if (is.null(assayNames(se)) || assayNames(se)[1] != ""counts"") {
    # check if ""counts"" are in another assay spot:
    if (length(assayNames(se)) > 1) {
      if (""counts"" %in% assayNames(se)[-1]) {
",partial,,,,False,"DRAFT - unverified: A validated location was found, but no numeric value was available for comparison.",,,2026-10-02T10:46:37.788831+00:00
H0111,DESeq2,76c5f8523716804dbe0a9500b4b7e216c6af225c,(46 base pairs) from male individuals.,unknown,other,"Check the parameters, defaults, formula, threshold, or statistical rule stated in this sentence.",R/AllClasses.R,141-145,"  }
  if (is.null(assayNames(se)) || assayNames(se)[1] != ""counts"") {
    # check if ""counts"" are in another assay spot:
    if (length(assayNames(se)) > 1) {
      if (""counts"" %in% assayNames(se)[-1]) {
",inconsistent,,,,False,"DRAFT - unverified: Validated locations were found, but the claimed numeric value(s) were not present in the excerpt.",,,2026-10-02T10:46:37.788831+00:00
H0112,DESeq2,76c5f8523716804dbe0a9500b4b7e216c6af225c,"five against five, and this process was repeated 30 times.",unknown,other,"Check the parameters, defaults, formula, threshold, or statistical rule stated in this sentence.",R/AllClasses.R,141-145,"  }
  if (is.null(assayNames(se)) || assayNames(se)[1] != ""counts"") {
    # check if ""counts"" are in another assay spot:
    if (length(assayNames(se)) > 1) {
      if (""counts"" %in% assayNames(se)[-1]) {
",inconsistent,,,,False,"DRAFT - unverified: Validated locations were found, but the claimed numeric value(s) were not present in the excerpt.",,,2026-10-02T10:46:37.788831+00:00
H0113,DESeq2,76c5f8523716804dbe0a9500b4b7e216c6af225c,sum of read counts across samples were excluded.,unknown,other,"Check the parameters, defaults, formula, threshold, or statistical rule stated in this sentence.",R/AllClasses.R,141-145,"  }
  if (is.null(assayNames(se)) || assayNames(se)[1] != ""counts"") {
    # check if ""counts"" are in another assay spot:
    if (length(assayNames(se)) > 1) {
      if (""counts"" %in% assayNames(se)[-1]) {
",partial,,,,False,"DRAFT - unverified: A validated location was found, but no numeric value was available for comparison.",,,2026-10-02T10:46:37.788831+00:00
H0114,DESeq2,76c5f8523716804dbe0a9500b4b7e216c6af225c,splits were replicated 30 times.,unknown,other,"Check the parameters, defaults, formula, threshold, or statistical rule stated in this sentence.",R/AllClasses.R,141-145,"  }
  if (is.null(assayNames(se)) || assayNames(se)[1] != ""counts"") {
    # check if ""counts"" are in another assay spot:
    if (length(assayNames(se)) > 1) {
      if (""counts"" %in% assayNames(se)[-1]) {
",inconsistent,,,,False,"DRAFT - unverified: Validated locations were found, but the claimed numeric value(s) were not present in the excerpt.",,,2026-10-02T10:46:37.788831+00:00
H0115,DESeq2,76c5f8523716804dbe0a9500b4b7e216c6af225c,Figure 7 Benchmarkoffalse positive calling.,unknown,other,"Check the parameters, defaults, formula, threshold, or statistical rule stated in this sentence.",R/AllClasses.R,141-145,"  }
  if (is.null(assayNames(se)) || assayNames(se)[1] != ""counts"") {
    # check if ""counts"" are in another assay spot:
    if (length(assayNames(se)) > 1) {
      if (""counts"" %in% assayNames(se)[-1]) {
",inconsistent,,,,False,"DRAFT - unverified: Validated locations were found, but the claimed numeric value(s) were not present in the excerpt.",,,2026-10-02T10:46:37.788831+00:00
H0116,DESeq2,76c5f8523716804dbe0a9500b4b7e216c6af225c,01)under thenull hypothesis.,unknown,other,"Check the parameters, defaults, formula, threshold, or statistical rule stated in this sentence.",R/AllClasses.R,41-45,"  best to only use letters and numbers for levels of factors in the design"")
    }
    # levels contain characters other than letters, numbers, and underscore
    if (any(sapply(designFactors,function(v) {
      factor.lvls <- levels(colData(object)[[v]])
",inconsistent,,,,False,"DRAFT - unverified: Validated locations were found, but the claimed numeric value(s) were not present in the excerpt.",,,2026-10-02T10:46:37.788831+00:00
H0117,DESeq2,76c5f8523716804dbe0a9500b4b7e216c6af225c,01 (black line).,unknown,other,"Check the parameters, defaults, formula, threshold, or statistical rule stated in this sentence.",R/AllClasses.R,141-145,"  }
  if (is.null(assayNames(se)) || assayNames(se)[1] != ""counts"") {
    # check if ""counts"" are in another assay spot:
    if (length(assayNames(se)) > 1) {
      if (""counts"" %in% assayNames(se)[-1]) {
",inconsistent,,,,False,"DRAFT - unverified: Validated locations were found, but the claimed numeric value(s) were not present in the excerpt.",,,2026-10-02T10:46:37.788831+00:00
H0118,DESeq2,76c5f8523716804dbe0a9500b4b7e216c6af225c,4 for all algorithms.,unknown,other,"Check the parameters, defaults, formula, threshold, or statistical rule stated in this sentence.",R/AllClasses.R,438-442,"#' This constructor function would not typically be used by ""end users"".
#' This simple class indirectly extends the DataFrame class defined in the
#' S4Vectors package to allow other packages to write methods for results
#' objects from the DESeq2 package. It is used by \code{\link{results}}
#' to wrap up the results table.
",inconsistent,,,,False,"DRAFT - unverified: Validated locations were found, but the claimed numeric value(s) were not present in the excerpt.",,,2026-10-02T10:46:37.788831+00:00
H0119,DESeq2,76c5f8523716804dbe0a9500b4b7e216c6af225c,adjusted P value threshold.,unknown,filtering,"Check the parameters, defaults, formula, threshold, or statistical rule stated in this sentence.",R/lfcShrink.R,71-75,"#' threshold (as in \code{\link{results}}). This can be used with any
#' shrinkage \code{type}. It will produce new p-values or
#' s-values testing whether the LFC is greater in absolute value than the threshold.
#' The s-values returned in combination with \code{apeglm} or \code{ashr}
#' provide the probability of FSOS events, ""false sign or small"",
",partial,,,,False,"DRAFT - unverified: A validated location was found, but no numeric value was available for comparison.",,,2026-10-02T10:46:37.788831+00:00
H0120,DESeq2,76c5f8523716804dbe0a9500b4b7e216c6af225c,Figure 8 Sensitivity estimated from experimental reproducibility.,unknown,other,"Check the parameters, defaults, formula, threshold, or statistical rule stated in this sentence.",R/AllClasses.R,141-145,"  }
  if (is.null(assayNames(se)) || assayNames(se)[1] != ""counts"") {
    # check if ""counts"" are in another assay spot:
    if (length(assayNames(se)) > 1) {
      if (""counts"" %in% assayNames(se)[-1]) {
",consistent,,,,False,DRAFT - unverified: Validated excerpt contains claimed numeric value(s): 8.,,,2026-10-02T10:46:37.788831+00:00
H0121,DESeq2,76c5f8523716804dbe0a9500b4b7e216c6af225c,iff 2 was used to determine the verification set calls.,unknown,parameters,"Check the parameters, defaults, formula, threshold, or statistical rule stated in this sentence.",R/core.R,2715-2719,"}

getAndCheckWeights <- function(object, modelMatrix, weightThreshold=1e-2) {
  if (""weights"" %in% assayNames(object)) {
    useWeights <- TRUE
",consistent,,,,False,DRAFT - unverified: Validated excerpt contains claimed numeric value(s): 2.,,,2026-10-02T10:46:37.788831+00:00
H0122,DESeq2,76c5f8523716804dbe0a9500b4b7e216c6af225c,nominal adjusted P values (Additional file 1: Figure S19).,unknown,other,"Check the parameters, defaults, formula, threshold, or statistical rule stated in this sentence.",R/core.R,2715-2719,"}

getAndCheckWeights <- function(object, modelMatrix, weightThreshold=1e-2) {
  if (""weights"" %in% assayNames(object)) {
    useWeights <- TRUE
",consistent,,,,False,DRAFT - unverified: Validated excerpt contains claimed numeric value(s): 1.,,,2026-10-02T10:46:37.788831+00:00
H0123,DESeq2,76c5f8523716804dbe0a9500b4b7e216c6af225c,1).,unknown,other,"Check the parameters, defaults, formula, threshold, or statistical rule stated in this sentence.",R/core.R,2715-2719,"}

getAndCheckWeights <- function(object, modelMatrix, weightThreshold=1e-2) {
  if (""weights"" %in% assayNames(object)) {
    useWeights <- TRUE
",consistent,,,,False,DRAFT - unverified: Validated excerpt contains claimed numeric value(s): 1.,,,2026-10-02T10:46:37.788831+00:00
H0124,DESeq2,76c5f8523716804dbe0a9500b4b7e216c6af225c,shown in Additional file 1: Figure S20.,unknown,other,"Check the parameters, defaults, formula, threshold, or statistical rule stated in this sentence.",R/core.R,2715-2719,"}

getAndCheckWeights <- function(object, modelMatrix, weightThreshold=1e-2) {
  if (""weights"" %in% assayNames(object)) {
    useWeights <- TRUE
",consistent,,,,False,DRAFT - unverified: Validated excerpt contains claimed numeric value(s): 1.,,,2026-10-02T10:46:37.788831+00:00
H0125,DESeq2,76c5f8523716804dbe0a9500b4b7e216c6af225c,sitivity plot of Figure 8.,unknown,other,"Check the parameters, defaults, formula, threshold, or statistical rule stated in this sentence.",R/AllClasses.R,92-96,"#' See \code{\link{results}} for a variety of designs and how to extract results tables.
#' By default, the functions in this package will use 
#' the last variable in the formula for building results tables and plotting.
#' \code{~ 1} can be used for no design, although users need to remember
#' to switch to another design for differential testing.
",inconsistent,,,,False,"DRAFT - unverified: Validated locations were found, but the claimed numeric value(s) were not present in the excerpt.",,,2026-10-02T10:46:37.788831+00:00
H0126,DESeq2,76c5f8523716804dbe0a9500b4b7e216c6af225c,Figure 9 Precision estimated from experimental reproducibility.,unknown,other,"Check the parameters, defaults, formula, threshold, or statistical rule stated in this sentence.",R/AllClasses.R,141-145,"  }
  if (is.null(assayNames(se)) || assayNames(se)[1] != ""counts"") {
    # check if ""counts"" are in another assay spot:
    if (length(assayNames(se)) > 1) {
      if (""counts"" %in% assayNames(se)[-1]) {
",inconsistent,,,,False,"DRAFT - unverified: Validated locations were found, but the claimed numeric value(s) were not present in the excerpt.",,,2026-10-02T10:46:37.788831+00:00
H0127,DESeq2,76c5f8523716804dbe0a9500b4b7e216c6af225c,sensitivity of those algorithms that controlled the FDR.,unknown,statistical_test,"Check the parameters, defaults, formula, threshold, or statistical rule stated in this sentence.",R/core.R,697-701,"  # (we need this already to decide about linear mu fitting)
  attr(object, ""weightsOK"") <- NULL # reset any information
  wlist <- getAndCheckWeights(object, modelMatrix, weightThreshold=weightThreshold)
  object <- wlist$object
  weights <- wlist$weights
",partial,,,,False,"DRAFT - unverified: A validated location was found, but no numeric value was available for comparison.",,,2026-10-02T10:46:37.788831+00:00
H0128,DESeq2,76c5f8523716804dbe0a9500b4b7e216c6af225c,gene-level analysis of RNA-seq data.,unknown,other,"Check the parameters, defaults, formula, threshold, or statistical rule stated in this sentence.",R/methods.R,475-479,"#' Reference for the median ratio method:
#' 
#' Simon Anders, Wolfgang Huber: Differential expression analysis for sequence count data.
#' Genome Biology 2010, 11:106. \url{http://dx.doi.org/10.1186/gb-2010-11-10-r106}
#' 
",partial,,,,False,"DRAFT - unverified: A validated location was found, but no numeric value was available for comparison.",,,2026-10-02T10:46:37.788831+00:00
H0129,DESeq2,76c5f8523716804dbe0a9500b4b7e216c6af225c,library assays [46].,unknown,other,"Check the parameters, defaults, formula, threshold, or statistical rule stated in this sentence.",R/AllClasses.R,141-145,"  }
  if (is.null(assayNames(se)) || assayNames(se)[1] != ""counts"") {
    # check if ""counts"" are in another assay spot:
    if (length(assayNames(se)) > 1) {
      if (""counts"" %in% assayNames(se)[-1]) {
",inconsistent,,,,False,"DRAFT - unverified: Validated locations were found, but the claimed numeric value(s) were not present in the excerpt.",,,2026-10-02T10:46:37.788831+00:00
H0130,DESeq2,76c5f8523716804dbe0a9500b4b7e216c6af225c,is provided in Additional file 1: Table S1.,unknown,other,"Check the parameters, defaults, formula, threshold, or statistical rule stated in this sentence.",R/core.R,2715-2719,"}

getAndCheckWeights <- function(object, modelMatrix, weightThreshold=1e-2) {
  if (""weights"" %in% assayNames(object)) {
    useWeights <- TRUE
",consistent,,,,False,DRAFT - unverified: Validated excerpt contains claimed numeric value(s): 1.,,,2026-10-02T10:46:37.788831+00:00
H0131,DESeq2,76c5f8523716804dbe0a9500b4b7e216c6af225c,gene.,unknown,other,"Check the parameters, defaults, formula, threshold, or statistical rule stated in this sentence.",R/AllClasses.R,141-145,"  }
  if (is.null(assayNames(se)) || assayNames(se)[1] != ""counts"") {
    # check if ""counts"" are in another assay spot:
    if (length(assayNames(se)) > 1) {
      if (""counts"" %in% assayNames(se)[-1]) {
",partial,,,,False,"DRAFT - unverified: A validated location was found, but no numeric value was available for comparison.",,,2026-10-02T10:46:37.788831+00:00
H0132,DESeq2,76c5f8523716804dbe0a9500b4b7e216c6af225c,as final dispersion estimates.,unknown,other,"Check the parameters, defaults, formula, threshold, or statistical rule stated in this sentence.",R/core.R,1216-1220,"#' Binomial GLM, using previously calculated \code{\link{sizeFactors}}
#' (or \code{\link{normalizationFactors}})
#' and dispersion estimates.  See \code{\link{DESeq}} for the GLM formula.
#' 
#' The fitting proceeds as follows: standard maximum likelihood estimates
",partial,,,,False,"DRAFT - unverified: A validated location was found, but no numeric value was available for comparison.",,,2026-10-02T10:46:37.788831+00:00
H0133,DESeq2,76c5f8523716804dbe0a9500b4b7e216c6af225c,matrix X to the gene’s count data.,unknown,other,"Check the parameters, defaults, formula, threshold, or statistical rule stated in this sentence.",R/AllClasses.R,141-145,"  }
  if (is.null(assayNames(se)) || assayNames(se)[1] != ""counts"") {
    # check if ""counts"" are in another assay spot:
    if (length(assayNames(se)) > 1) {
      if (""counts"" %in% assayNames(se)[-1]) {
",partial,,,,False,"DRAFT - unverified: A validated location was found, but no numeric value was available for comparison.",,,2026-10-02T10:46:37.788831+00:00
H0134,DESeq2,76c5f8523716804dbe0a9500b4b7e216c6af225c,adjustment [47].,unknown,other,"Check the parameters, defaults, formula, threshold, or statistical rule stated in this sentence.",R/AllClasses.R,141-145,"  }
  if (is.null(assayNames(se)) || assayNames(se)[1] != ""counts"") {
    # check if ""counts"" are in another assay spot:
    if (length(assayNames(se)) > 1) {
      if (""counts"" %in% assayNames(se)[-1]) {
",inconsistent,,,,False,"DRAFT - unverified: Validated locations were found, but the claimed numeric value(s) were not present in the excerpt.",,,2026-10-02T10:46:37.788831+00:00
H0135,DESeq2,76c5f8523716804dbe0a9500b4b7e216c6af225c,6).,unknown,other,"Check the parameters, defaults, formula, threshold, or statistical rule stated in this sentence.",R/AllClasses.R,141-145,"  }
  if (is.null(assayNames(se)) || assayNames(se)[1] != ""counts"") {
    # check if ""counts"" are in another assay spot:
    if (length(assayNames(se)) > 1) {
      if (""counts"" %in% assayNames(se)[-1]) {
",inconsistent,,,,False,"DRAFT - unverified: Validated locations were found, but the claimed numeric value(s) were not present in the excerpt.",,,2026-10-02T10:46:37.788831+00:00
H0136,DESeq2,76c5f8523716804dbe0a9500b4b7e216c6af225c,1/μj +α .,unknown,other,"Check the parameters, defaults, formula, threshold, or statistical rule stated in this sentence.",R/core.R,2715-2719,"}

getAndCheckWeights <- function(object, modelMatrix, weightThreshold=1e-2) {
  if (""weights"" %in% assayNames(object)) {
    useWeights <- TRUE
",consistent,,,,False,DRAFT - unverified: Validated excerpt contains claimed numeric value(s): 1.,,,2026-10-02T10:46:37.788831+00:00
H0137,DESeq2,76c5f8523716804dbe0a9500b4b7e216c6af225c,accepted proposals that satisfy Armijo conditions [50].,unknown,other,"Check the parameters, defaults, formula, threshold, or statistical rule stated in this sentence.",R/AllClasses.R,141-145,"  }
  if (is.null(assayNames(se)) || assayNames(se)[1] != ""counts"") {
    # check if ""counts"" are in another assay spot:
    if (length(assayNames(se)) > 1) {
      if (""counts"" %in% assayNames(se)[-1]) {
",inconsistent,,,,False,"DRAFT - unverified: Validated locations were found, but the claimed numeric value(s) were not present in the excerpt.",,,2026-10-02T10:46:37.788831+00:00
H0138,DESeq2,76c5f8523716804dbe0a9500b4b7e216c6af225c,10−6 (same approach as in DEXSeq [30]).,unknown,other,"Check the parameters, defaults, formula, threshold, or statistical rule stated in this sentence.",R/core.R,82-86,"#' Moderated estimation of fold change and dispersion
#' for RNA-seq data with DESeq2. Genome Biology, 15:550.
#' \url{https://doi.org/10.1186/s13059-014-0550-8}
#'
#' @author Michael Love, Wolfgang Huber, Simon Anders
",inconsistent,,,,False,"DRAFT - unverified: Validated locations were found, but the claimed numeric value(s) were not present in the excerpt.",,,2026-10-02T10:46:37.788831+00:00
H0139,DESeq2,76c5f8523716804dbe0a9500b4b7e216c6af225c,"mean in many datasets [3-6,51].",unknown,other,"Check the parameters, defaults, formula, threshold, or statistical rule stated in this sentence.",R/RcppExports.R,1-4,"# Generated by using Rcpp::compileAttributes() -> do not edit by hand
# Generator token: 10BE3573-1514-4C36-9D1C-5A225CD40393

fitDisp <- function(ySEXP, xSEXP, mu_hatSEXP, log_alphaSEXP, log_alpha_prior_meanSEXP, log_alpha_prior_sigmasqSEXP, min_log_alphaSEXP, kappa_0SEXP, tolSEXP, maxitSEXP, usePriorSEXP, weightsSEXP, useWeightsSEXP, weightThresholdSEXP, useCRSEXP) {
",consistent,,,,False,"DRAFT - unverified: Validated excerpt contains claimed numeric value(s): 3, 51, 6.",,,2026-10-02T10:46:37.788831+00:00
H0140,DESeq2,76c5f8523716804dbe0a9500b4b7e216c6af225c,dependence of the dispersion on the mean.,unknown,other,"Check the parameters, defaults, formula, threshold, or statistical rule stated in this sentence.",R/AllClasses.R,141-145,"  }
  if (is.null(assayNames(se)) || assayNames(se)[1] != ""counts"") {
    # check if ""counts"" are in another assay spot:
    if (length(assayNames(se)) > 1) {
      if (""counts"" %in% assayNames(se)[-1]) {
",partial,,,,False,"DRAFT - unverified: A validated location was found, but no numeric value was available for comparison.",,,2026-10-02T10:46:37.788831+00:00
H0141,DESeq2,76c5f8523716804dbe0a9500b4b7e216c6af225c,"100, the reciprocal of α0.",unknown,other,"Check the parameters, defaults, formula, threshold, or statistical rule stated in this sentence.",R/AllClasses.R,141-145,"  }
  if (is.null(assayNames(se)) || assayNames(se)[1] != ""counts"") {
    # check if ""counts"" are in another assay spot:
    if (length(assayNames(se)) > 1) {
      if (""counts"" %in% assayNames(se)[-1]) {
",inconsistent,,,,False,"DRAFT - unverified: Validated locations were found, but the claimed numeric value(s) were not present in the excerpt.",,,2026-10-02T10:46:37.788831+00:00
H0142,DESeq2,76c5f8523716804dbe0a9500b4b7e216c6af225c,dispersion.,unknown,other,"Check the parameters, defaults, formula, threshold, or statistical rule stated in this sentence.",R/AllClasses.R,141-145,"  }
  if (is.null(assayNames(se)) || assayNames(se)[1] != ""counts"") {
    # check if ""counts"" are in another assay spot:
    if (length(assayNames(se)) > 1) {
      if (""counts"" %in% assayNames(se)[-1]) {
",partial,,,,False,"DRAFT - unverified: A validated location was found, but no numeric value was available for comparison.",,,2026-10-02T10:46:37.788831+00:00
H0143,DESeq2,76c5f8523716804dbe0a9500b4b7e216c6af225c,due to a tendency to overestimate dispersion there.,unknown,other,"Check the parameters, defaults, formula, threshold, or statistical rule stated in this sentence.",R/AllClasses.R,141-145,"  }
  if (is.null(assayNames(se)) || assayNames(se)[1] != ""counts"") {
    # check if ""counts"" are in another assay spot:
    if (length(assayNames(se)) > 1) {
      if (""counts"" %in% assayNames(se)[-1]) {
",partial,,,,False,"DRAFT - unverified: A validated location was found, but no numeric value was available for comparison.",,,2026-10-02T10:46:37.788831+00:00
H0144,DESeq2,76c5f8523716804dbe0a9500b4b7e216c6af225c,Dispersion prior As also observed by Wu et al.,unknown,other,"Check the parameters, defaults, formula, threshold, or statistical rule stated in this sentence.",R/AllClasses.R,141-145,"  }
  if (is.null(assayNames(se)) || assayNames(se)[1] != ""counts"") {
    # check if ""counts"" are in another assay spot:
    if (length(assayNames(se)) > 1) {
      if (""counts"" %in% assayNames(se)[-1]) {
",partial,,,,False,"DRAFT - unverified: A validated location was found, but no numeric value was available for comparison.",,,2026-10-02T10:46:37.788831+00:00
H0145,DESeq2,76c5f8523716804dbe0a9500b4b7e216c6af225c,25 .,unknown,other,"Check the parameters, defaults, formula, threshold, or statistical rule stated in this sentence.",R/AllClasses.R,141-145,"  }
  if (is.null(assayNames(se)) || assayNames(se)[1] != ""counts"") {
    # check if ""counts"" are in another assay spot:
    if (length(assayNames(se)) > 1) {
      if (""counts"" %in% assayNames(se)[-1]) {
",inconsistent,,,,False,"DRAFT - unverified: Validated locations were found, but the claimed numeric value(s) were not present in the excerpt.",,,2026-10-02T10:46:37.788831+00:00
H0146,DESeq2,76c5f8523716804dbe0a9500b4b7e216c6af225c,of prior (5).,unknown,other,"Check the parameters, defaults, formula, threshold, or statistical rule stated in this sentence.",R/AllClasses.R,141-145,"  }
  if (is.null(assayNames(se)) || assayNames(se)[1] != ""counts"") {
    # check if ""counts"" are in another assay spot:
    if (length(assayNames(se)) > 1) {
      if (""counts"" %in% assayNames(se)[-1]) {
",consistent,,,,False,DRAFT - unverified: Validated excerpt contains claimed numeric value(s): 5.,,,2026-10-02T10:46:37.788831+00:00
H0147,DESeq2,76c5f8523716804dbe0a9500b4b7e216c6af225c,suitable for the gene.,unknown,other,"Check the parameters, defaults, formula, threshold, or statistical rule stated in this sentence.",R/AllClasses.R,141-145,"  }
  if (is.null(assayNames(se)) || assayNames(se)[1] != ""counts"") {
    # check if ""counts"" are in another assay spot:
    if (length(assayNames(se)) > 1) {
      if (""counts"" %in% assayNames(se)[-1]) {
",partial,,,,False,"DRAFT - unverified: A validated location was found, but no numeric value was available for comparison.",,,2026-10-02T10:46:37.788831+00:00
H0148,DESeq2,76c5f8523716804dbe0a9500b4b7e216c6af225c,divided as usual by the scaling factor −1(3/4).,unknown,other,"Check the parameters, defaults, formula, threshold, or statistical rule stated in this sentence.",tests/testthat/test_addMLE.R,3-7,"  set.seed(1)
  dds <- makeExampleDESeqDataSet(n=200,m=12,betaSD=1)
  dds$condition <- factor(rep(letters[1:3],each=4))
  dds <- DESeq(dds, betaPrior=TRUE)
  ddsNP <- nbinomWaldTest(dds, betaPrior=FALSE)
",consistent,,,,False,"DRAFT - unverified: Validated excerpt contains claimed numeric value(s): 1, 3, 4.",,,2026-10-02T10:46:37.788831+00:00
H0149,DESeq2,76c5f8523716804dbe0a9500b4b7e216c6af225c,QN(1−p/2) .,unknown,other,"Check the parameters, defaults, formula, threshold, or statistical rule stated in this sentence.",R/core.R,2715-2719,"}

getAndCheckWeights <- function(object, modelMatrix, weightThreshold=1e-2) {
  if (""weights"" %in% assayNames(object)) {
    useWeights <- TRUE
",consistent,,,,False,"DRAFT - unverified: Validated excerpt contains claimed numeric value(s): 1, 2.",,,2026-10-02T10:46:37.788831+00:00
H0150,DESeq2,76c5f8523716804dbe0a9500b4b7e216c6af225c,"log(2)10,or10onthebase2scale)areexcluded.",unknown,other,"Check the parameters, defaults, formula, threshold, or statistical rule stated in this sentence.",R/RcppExports.R,3-7,"
fitDisp <- function(ySEXP, xSEXP, mu_hatSEXP, log_alphaSEXP, log_alpha_prior_meanSEXP, log_alpha_prior_sigmasqSEXP, min_log_alphaSEXP, kappa_0SEXP, tolSEXP, maxitSEXP, usePriorSEXP, weightsSEXP, useWeightsSEXP, weightThresholdSEXP, useCRSEXP) {
    .Call('_DESeq2_fitDisp', PACKAGE = 'DESeq2', ySEXP, xSEXP, mu_hatSEXP, log_alphaSEXP, log_alpha_prior_meanSEXP, log_alpha_prior_sigmasqSEXP, min_log_alphaSEXP, kappa_0SEXP, tolSEXP, maxitSEXP, usePriorSEXP, weightsSEXP, useWeightsSEXP, weightThresholdSEXP, useCRSEXP)
}

",consistent,,,,False,"DRAFT - unverified: Validated excerpt contains claimed numeric value(s): 10, 2.",,,2026-10-02T10:46:37.788831+00:00
H0151,DESeq2,76c5f8523716804dbe0a9500b4b7e216c6af225c,"sionalgorithm[56],alsoknownasweightedupdates[57].",unknown,other,"Check the parameters, defaults, formula, threshold, or statistical rule stated in this sentence.",R/AllClasses.R,141-145,"  }
  if (is.null(assayNames(se)) || assayNames(se)[1] != ""counts"") {
    # check if ""counts"" are in another assay spot:
    if (length(assayNames(se)) > 1) {
      if (""counts"" %in% assayNames(se)[-1]) {
",inconsistent,,,,False,"DRAFT - unverified: Validated locations were found, but the claimed numeric value(s) were not present in the excerpt.",,,2026-10-02T10:46:37.788831+00:00
H0152,DESeq2,76c5f8523716804dbe0a9500b4b7e216c6af225c,i = Cov(⃗βi) = (XtWX +⃗ λI)−1(XtWX)(XtWX +⃗ λI)−1.,unknown,formula,"Check the parameters, defaults, formula, threshold, or statistical rule stated in this sentence.",R/core.R,2715-2719,"}

getAndCheckWeights <- function(object, modelMatrix, weightThreshold=1e-2) {
  if (""weights"" %in% assayNames(object)) {
    useWeights <- TRUE
",consistent,,,,False,DRAFT - unverified: Validated excerpt contains claimed numeric value(s): 1.,,,2026-10-02T10:46:37.788831+00:00
H0153,DESeq2,76c5f8523716804dbe0a9500b4b7e216c6af225c,multiplied by 2 to achieve a two-tailed test.,unknown,other,"Check the parameters, defaults, formula, threshold, or statistical rule stated in this sentence.",R/core.R,2715-2719,"}

getAndCheckWeights <- function(object, modelMatrix, weightThreshold=1e-2) {
  if (""weights"" %in% assayNames(object)) {
    useWeights <- TRUE
",consistent,,,,False,DRAFT - unverified: Validated excerpt contains claimed numeric value(s): 2.,,,2026-10-02T10:46:37.788831+00:00
H0154,DESeq2,76c5f8523716804dbe0a9500b4b7e216c6af225c,the procedure of Benjamini and Hochberg [21].,unknown,other,"Check the parameters, defaults, formula, threshold, or statistical rule stated in this sentence.",R/AllClasses.R,141-145,"  }
  if (is.null(assayNames(se)) || assayNames(se)[1] != ""counts"") {
    # check if ""counts"" are in another assay spot:
    if (length(assayNames(se)) > 1) {
      if (""counts"" %in% assayNames(se)[-1]) {
",inconsistent,,,,False,"DRAFT - unverified: Validated locations were found, but the claimed numeric value(s) were not present in the excerpt.",,,2026-10-02T10:46:37.788831+00:00
H0155,DESeq2,76c5f8523716804dbe0a9500b4b7e216c6af225c,without dispersion shrinkage.,unknown,other,"Check the parameters, defaults, formula, threshold, or statistical rule stated in this sentence.",R/AllClasses.R,141-145,"  }
  if (is.null(assayNames(se)) || assayNames(se)[1] != ""counts"") {
    # check if ""counts"" are in another assay spot:
    if (length(assayNames(se)) > 1) {
      if (""counts"" %in% assayNames(se)[-1]) {
",partial,,,,False,"DRAFT - unverified: A validated location was found, but no numeric value was available for comparison.",,,2026-10-02T10:46:37.788831+00:00
H0156,DESeq2,76c5f8523716804dbe0a9500b4b7e216c6af225c,tion often zero counts.,unknown,other,"Check the parameters, defaults, formula, threshold, or statistical rule stated in this sentence.",R/core.R,2491-2495,"}

# checks for LRT formulas, written as function to remove duplicate code
# in DESeq and nbinomLRT
checkLRT <- function(full, reduced) {
",partial,,,,False,"DRAFT - unverified: A validated location was found, but no numeric value was available for comparison.",,,2026-10-02T10:46:37.788831+00:00
H0157,DESeq2,76c5f8523716804dbe0a9500b4b7e216c6af225c,the filter statistic still holds for dispersion shrinkage.,unknown,filtering,"Check the parameters, defaults, formula, threshold, or statistical rule stated in this sentence.",tests/testthat/test_outlier.R,30-34,"  expect_equal(results(dds1)$pvalue[idx], results(dds0)$pvalue[idx])

  # check that outlier filtering catches throughout range of mu
  beta0 <- seq(from=1,to=16,length.out=100)
  idx <- rep(rep(c(TRUE,FALSE),c(1,9)),10)
",partial,,,,False,"DRAFT - unverified: A validated location was found, but no numeric value was available for comparison.",,,2026-10-02T10:46:37.788831+00:00
H0158,DESeq2,76c5f8523716804dbe0a9500b4b7e216c6af225c,butions of p across the range of mean normalized counts.,unknown,other,"Check the parameters, defaults, formula, threshold, or statistical rule stated in this sentence.",R/methods.R,313-317,"#' Normalization factors should include library size normalization. They should have
#' row-wise geometric mean near 1, as is the case with size factors, such that the mean of normalized
#' counts is close to the mean of unnormalized counts. See example code below.
#'
#' @docType methods
",partial,,,,False,"DRAFT - unverified: A validated location was found, but no numeric value was available for comparison.",,,2026-10-02T10:46:37.788831+00:00
H0159,DESeq2,76c5f8523716804dbe0a9500b4b7e216c6af225c,exceeds a threshold θ>0.,unknown,filtering,"Check the parameters, defaults, formula, threshold, or statistical rule stated in this sentence.",R/AllClasses.R,172-176,"
  if (all(assay(se) == 0)) {
    stop(""all samples have 0 counts for all genes. check the counting script."")
  }
  
",consistent,,,,False,DRAFT - unverified: Validated excerpt contains claimed numeric value(s): 0.,,,2026-10-02T10:46:37.788831+00:00
H0160,DESeq2,76c5f8523716804dbe0a9500b4b7e216c6af225c,of the integral is then multiplied by 2 and thresholdedat 1.,unknown,filtering,"Check the parameters, defaults, formula, threshold, or statistical rule stated in this sentence.",R/core.R,2715-2719,"}

getAndCheckWeights <- function(object, modelMatrix, weightThreshold=1e-2) {
  if (""weights"" %in% assayNames(object)) {
    useWeights <- TRUE
",consistent,,,,False,"DRAFT - unverified: Validated excerpt contains claimed numeric value(s): 1, 2.",,,2026-10-02T10:46:37.788831+00:00
H0161,DESeq2,76c5f8523716804dbe0a9500b4b7e216c6af225c,θ =0.,unknown,formula,"Check the parameters, defaults, formula, threshold, or statistical rule stated in this sentence.",R/AllClasses.R,172-176,"
  if (all(assay(se) == 0)) {
    stop(""all samples have 0 counts for all genes. check the counting script."")
  }
  
",consistent,,,,False,DRAFT - unverified: Validated excerpt contains claimed numeric value(s): 0.,,,2026-10-02T10:46:37.788831+00:00
H0162,DESeq2,76c5f8523716804dbe0a9500b4b7e216c6af225c,"(σ2r = (log(2))2 1000, or 1000 on the base 2 scale).",unknown,formula,"Check the parameters, defaults, formula, threshold, or statistical rule stated in this sentence.",R/methods.R,733-737,"#' 
#' Estimated model coefficients or estimated standard errors are provided in a matrix
#' form, number of genes by number of parameters, on the log2 scale.
#' The columns correspond to columns of the model matrix for final GLM fitting, i.e.,
#' \code{attr(dds, ""modelMatrix"")}.
",inconsistent,,,,False,"DRAFT - unverified: Validated locations were found, but the claimed numeric value(s) were not present in the excerpt.",,,2026-10-02T10:46:37.788831+00:00
H0163,DESeq2,76c5f8523716804dbe0a9500b4b7e216c6af225c,the variance-mean trend over all genes.,unknown,other,"Check the parameters, defaults, formula, threshold, or statistical rule stated in this sentence.",R/AllClasses.R,172-176,"
  if (all(assay(se) == 0)) {
    stop(""all samples have 0 counts for all genes. check the counting script."")
  }
  
",partial,,,,False,"DRAFT - unverified: A validated location was found, but no numeric value was available for comparison.",,,2026-10-02T10:46:37.788831+00:00
H0164,DESeq2,76c5f8523716804dbe0a9500b4b7e216c6af225c,H =W1/2X(XtWX)−1XtW1/2.,unknown,formula,"Check the parameters, defaults, formula, threshold, or statistical rule stated in this sentence.",R/core.R,2715-2719,"}

getAndCheckWeights <- function(object, modelMatrix, weightThreshold=1e-2) {
  if (""weights"" %in% assayNames(object)) {
    useWeights <- TRUE
",consistent,,,,False,DRAFT - unverified: Validated excerpt contains claimed numeric value(s): 2.,,,2026-10-02T10:46:37.788831+00:00
H0165,DESeq2,76c5f8523716804dbe0a9500b4b7e216c6af225c,",0 .",unknown,other,"Check the parameters, defaults, formula, threshold, or statistical rule stated in this sentence.",R/AllClasses.R,141-145,"  }
  if (is.null(assayNames(se)) || assayNames(se)[1] != ""counts"") {
    # check if ""counts"" are in another assay spot:
    if (length(assayNames(se)) > 1) {
      if (""counts"" %in% assayNames(se)[-1]) {
",consistent,,,,False,DRAFT - unverified: Validated excerpt contains claimed numeric value(s): 0.,,,2026-10-02T10:46:37.788831+00:00
H0166,DESeq2,76c5f8523716804dbe0a9500b4b7e216c6af225c,Bioconductor project [11].,unknown,other,"Check the parameters, defaults, formula, threshold, or statistical rule stated in this sentence.",R/AllClasses.R,141-145,"  }
  if (is.null(assayNames(se)) || assayNames(se)[1] != ""counts"") {
    # check if ""counts"" are in another assay spot:
    if (length(assayNames(se)) > 1) {
      if (""counts"" %in% assayNames(se)[-1]) {
",inconsistent,,,,False,"DRAFT - unverified: Validated locations were found, but the claimed numeric value(s) were not present in the excerpt.",,,2026-10-02T10:46:37.788831+00:00
H0167,DESeq2,76c5f8523716804dbe0a9500b4b7e216c6af225c,Experiment class of the GenomicRanges package [60].,unknown,other,"Check the parameters, defaults, formula, threshold, or statistical rule stated in this sentence.",R/AllClasses.R,62-66,"#' DESeqDataSet object and constructors
#'
#' \code{DESeqDataSet} is a subclass of \code{RangedSummarizedExperiment},
#' used to store the input values, intermediate calculations and results of an
#' analysis of differential expression.  The \code{DESeqDataSet} class
",inconsistent,,,,False,"DRAFT - unverified: Validated locations were found, but the claimed numeric value(s) were not present in the excerpt.",,,2026-10-02T10:46:37.788831+00:00
H0168,DESeq2,76c5f8523716804dbe0a9500b4b7e216c6af225c,function of the GenomicAlignments package [61].,unknown,other,"Check the parameters, defaults, formula, threshold, or statistical rule stated in this sentence.",R/core.R,2491-2495,"}

# checks for LRT formulas, written as function to remove duplicate code
# in DESeq and nbinomLRT
checkLRT <- function(full, reduced) {
",inconsistent,,,,False,"DRAFT - unverified: Validated locations were found, but the claimed numeric value(s) were not present in the excerpt.",,,2026-10-02T10:46:37.788831+00:00
H0169,DESeq2,76c5f8523716804dbe0a9500b4b7e216c6af225c,and gene annotation versions.,unknown,other,"Check the parameters, defaults, formula, threshold, or statistical rule stated in this sentence.",R/AllClasses.R,141-145,"  }
  if (is.null(assayNames(se)) || assayNames(se)[1] != ""counts"") {
    # check if ""counts"" are in another assay spot:
    if (length(assayNames(se)) > 1) {
      if (""counts"" %in% assayNames(se)[-1]) {
",partial,,,,False,"DRAFT - unverified: A validated location was found, but no numeric value was available for comparison.",,,2026-10-02T10:46:37.788831+00:00
H0170,DESeq2,76c5f8523716804dbe0a9500b4b7e216c6af225c,Count [64].,unknown,other,"Check the parameters, defaults, formula, threshold, or statistical rule stated in this sentence.",R/AllClasses.R,141-145,"  }
  if (is.null(assayNames(se)) || assayNames(se)[1] != ""counts"") {
    # check if ""counts"" are in another assay spot:
    if (length(assayNames(se)) > 1) {
      if (""counts"" %in% assayNames(se)[-1]) {
",inconsistent,,,,False,"DRAFT - unverified: Validated locations were found, but the claimed numeric value(s) were not present in the excerpt.",,,2026-10-02T10:46:37.788831+00:00
H0171,DESeq2,76c5f8523716804dbe0a9500b4b7e216c6af225c,tion of the GenomicRanges package [60].,unknown,other,"Check the parameters, defaults, formula, threshold, or statistical rule stated in this sentence.",R/core.R,2491-2495,"}

# checks for LRT formulas, written as function to remove duplicate code
# in DESeq and nbinomLRT
checkLRT <- function(full, reduced) {
",inconsistent,,,,False,"DRAFT - unverified: Validated locations were found, but the claimed numeric value(s) were not present in the excerpt.",,,2026-10-02T10:46:37.788831+00:00
H0172,DESeq2,76c5f8523716804dbe0a9500b4b7e216c6af225c,loaded in March 2013 from Illumina iGenomes.,unknown,other,"Check the parameters, defaults, formula, threshold, or statistical rule stated in this sentence.",R/AllClasses.R,141-145,"  }
  if (is.null(assayNames(se)) || assayNames(se)[1] != ""counts"") {
    # check if ""counts"" are in another assay spot:
    if (length(assayNames(se)) > 1) {
      if (""counts"" %in% assayNames(se)[-1]) {
",inconsistent,,,,False,"DRAFT - unverified: Validated locations were found, but the claimed numeric value(s) were not present in the excerpt.",,,2026-10-02T10:46:37.788831+00:00
H0173,DESeq2,76c5f8523716804dbe0a9500b4b7e216c6af225c,"GTF file, release 70, contained in the Illumina iGenome.",unknown,other,"Check the parameters, defaults, formula, threshold, or statistical rule stated in this sentence.",R/AllClasses.R,104-108,"#' columns are sample metadata which will be stored in \code{colData}
#' @param txi for tximport: the simple list output of the \code{tximport} function
#' @param directory for htseq-count: the directory relative to which the filenames are specified. defaults to current directory
#' @param ignoreRank use of this argument is reserved for DEXSeq developers only.
#' Users will immediately encounter an error upon trying to estimate dispersion
",inconsistent,,,,False,"DRAFT - unverified: Validated locations were found, but the claimed numeric value(s) were not present in the excerpt.",,,2026-10-02T10:46:37.788831+00:00
H0174,DESeq2,76c5f8523716804dbe0a9500b4b7e216c6af225c,"marking, can be found in a package DESeq2paper [66].",unknown,other,"Check the parameters, defaults, formula, threshold, or statistical rule stated in this sentence.",R/AllClasses.R,141-145,"  }
  if (is.null(assayNames(se)) || assayNames(se)[1] != ""counts"") {
    # check if ""counts"" are in another assay spot:
    if (length(assayNames(se)) > 1) {
      if (""counts"" %in% assayNames(se)[-1]) {
",inconsistent,,,,False,"DRAFT - unverified: Validated locations were found, but the claimed numeric value(s) were not present in the excerpt.",,,2026-10-02T10:46:37.788831+00:00
H0175,DESeq2,76c5f8523716804dbe0a9500b4b7e216c6af225c,"Additional file 1: Supplementary methods, tablesandfigures.",unknown,other,"Check the parameters, defaults, formula, threshold, or statistical rule stated in this sentence.",R/core.R,2715-2719,"}

getAndCheckWeights <- function(object, modelMatrix, weightThreshold=1e-2) {
  if (""weights"" %in% assayNames(object)) {
    useWeights <- TRUE
",consistent,,,,False,DRAFT - unverified: Validated excerpt contains claimed numeric value(s): 1.,,,2026-10-02T10:46:37.788831+00:00
H0176,DESeq2,76c5f8523716804dbe0a9500b4b7e216c6af225c,grant from the National Institutes of Health (5T32CA009337-33).,unknown,other,"Check the parameters, defaults, formula, threshold, or statistical rule stated in this sentence.",R/AllClasses.R,141-145,"  }
  if (is.null(assayNames(se)) || assayNames(se)[1] != ""counts"") {
    # check if ""counts"" are in another assay spot:
    if (length(assayNames(se)) > 1) {
      if (""counts"" %in% assayNames(se)[-1]) {
",inconsistent,,,,False,"DRAFT - unverified: Validated locations were found, but the claimed numeric value(s) were not present in the excerpt.",,,2026-10-02T10:46:37.788831+00:00
H0177,DESeq2,76c5f8523716804dbe0a9500b4b7e216c6af225c,question of estimation biases in the dispersion-mean trend fitting.,unknown,other,"Check the parameters, defaults, formula, threshold, or statistical rule stated in this sentence.",R/core.R,743-747,"  }
  
  # below, iterate between mean and dispersion estimation (niter) times
  fitidx <- rep(TRUE,nrow(objectNZ))
  mu <- matrix(0, nrow=nrow(objectNZ), ncol=ncol(objectNZ))
",partial,,,,False,"DRAFT - unverified: A validated location was found, but no numeric value was available for comparison.",,,2026-10-02T10:46:37.788831+00:00
H0178,DESeq2,76c5f8523716804dbe0a9500b4b7e216c6af225c,"Brookline Avenue, Boston, MA 02215, USA.",unknown,other,"Check the parameters, defaults, formula, threshold, or statistical rule stated in this sentence.",R/AllClasses.R,141-145,"  }
  if (is.null(assayNames(se)) || assayNames(se)[1] != ""counts"") {
    # check if ""counts"" are in another assay spot:
    if (length(assayNames(se)) > 1) {
      if (""counts"" %in% assayNames(se)[-1]) {
",inconsistent,,,,False,"DRAFT - unverified: Validated locations were found, but the claimed numeric value(s) were not present in the excerpt.",,,2026-10-02T10:46:37.788831+00:00
H0179,DESeq2,76c5f8523716804dbe0a9500b4b7e216c6af225c,"Molecular Biology Laboratory, Meyerhofstrasse 1, 69117 Heidelberg, Germany.",unknown,other,"Check the parameters, defaults, formula, threshold, or statistical rule stated in this sentence.",R/core.R,2715-2719,"}

getAndCheckWeights <- function(object, modelMatrix, weightThreshold=1e-2) {
  if (""weights"" %in% assayNames(object)) {
    useWeights <- TRUE
",consistent,,,,False,"DRAFT - unverified: Validated excerpt contains claimed numeric value(s): 1, 69117.",,,2026-10-02T10:46:37.788831+00:00
H0180,DESeq2,76c5f8523716804dbe0a9500b4b7e216c6af225c,"Molecular Genetics, Ihnestrasse 63-73, 14195 Berlin, Germany.",unknown,other,"Check the parameters, defaults, formula, threshold, or statistical rule stated in this sentence.",R/AllClasses.R,141-145,"  }
  if (is.null(assayNames(se)) || assayNames(se)[1] != ""counts"") {
    # check if ""counts"" are in another assay spot:
    if (length(assayNames(se)) > 1) {
      if (""counts"" %in% assayNames(se)[-1]) {
",inconsistent,,,,False,"DRAFT - unverified: Validated locations were found, but the claimed numeric value(s) were not present in the excerpt.",,,2026-10-02T10:46:37.788831+00:00
H0181,DESeq2,76c5f8523716804dbe0a9500b4b7e216c6af225c,1.,unknown,other,"Check the parameters, defaults, formula, threshold, or statistical rule stated in this sentence.",R/core.R,2715-2719,"}

getAndCheckWeights <- function(object, modelMatrix, weightThreshold=1e-2) {
  if (""weights"" %in% assayNames(object)) {
    useWeights <- TRUE
",consistent,,,,False,DRAFT - unverified: Validated excerpt contains claimed numeric value(s): 1.,,,2026-10-02T10:46:37.788831+00:00
H0182,DESeq2,76c5f8523716804dbe0a9500b4b7e216c6af225c,2.,unknown,other,"Check the parameters, defaults, formula, threshold, or statistical rule stated in this sentence.",R/core.R,2715-2719,"}

getAndCheckWeights <- function(object, modelMatrix, weightThreshold=1e-2) {
  if (""weights"" %in% assayNames(object)) {
    useWeights <- TRUE
",consistent,,,,False,DRAFT - unverified: Validated excerpt contains claimed numeric value(s): 2.,,,2026-10-02T10:46:37.788831+00:00
H0183,DESeq2,76c5f8523716804dbe0a9500b4b7e216c6af225c,3.,unknown,other,"Check the parameters, defaults, formula, threshold, or statistical rule stated in this sentence.",R/AllClasses.R,141-145,"  }
  if (is.null(assayNames(se)) || assayNames(se)[1] != ""counts"") {
    # check if ""counts"" are in another assay spot:
    if (length(assayNames(se)) > 1) {
      if (""counts"" %in% assayNames(se)[-1]) {
",inconsistent,,,,False,"DRAFT - unverified: Validated locations were found, but the claimed numeric value(s) were not present in the excerpt.",,,2026-10-02T10:46:37.788831+00:00
H0184,DESeq2,76c5f8523716804dbe0a9500b4b7e216c6af225c,4.,unknown,other,"Check the parameters, defaults, formula, threshold, or statistical rule stated in this sentence.",R/AllClasses.R,141-145,"  }
  if (is.null(assayNames(se)) || assayNames(se)[1] != ""counts"") {
    # check if ""counts"" are in another assay spot:
    if (length(assayNames(se)) > 1) {
      if (""counts"" %in% assayNames(se)[-1]) {
",inconsistent,,,,False,"DRAFT - unverified: Validated locations were found, but the claimed numeric value(s) were not present in the excerpt.",,,2026-10-02T10:46:37.788831+00:00
H0185,DESeq2,76c5f8523716804dbe0a9500b4b7e216c6af225c,5.,unknown,other,"Check the parameters, defaults, formula, threshold, or statistical rule stated in this sentence.",R/AllClasses.R,141-145,"  }
  if (is.null(assayNames(se)) || assayNames(se)[1] != ""counts"") {
    # check if ""counts"" are in another assay spot:
    if (length(assayNames(se)) > 1) {
      if (""counts"" %in% assayNames(se)[-1]) {
",consistent,,,,False,DRAFT - unverified: Validated excerpt contains claimed numeric value(s): 5.,,,2026-10-02T10:46:37.788831+00:00
H0186,DESeq2,76c5f8523716804dbe0a9500b4b7e216c6af225c,6.,unknown,other,"Check the parameters, defaults, formula, threshold, or statistical rule stated in this sentence.",R/AllClasses.R,141-145,"  }
  if (is.null(assayNames(se)) || assayNames(se)[1] != ""counts"") {
    # check if ""counts"" are in another assay spot:
    if (length(assayNames(se)) > 1) {
      if (""counts"" %in% assayNames(se)[-1]) {
",inconsistent,,,,False,"DRAFT - unverified: Validated locations were found, but the claimed numeric value(s) were not present in the excerpt.",,,2026-10-02T10:46:37.788831+00:00
H0187,DESeq2,76c5f8523716804dbe0a9500b4b7e216c6af225c,12:31–46.,unknown,other,"Check the parameters, defaults, formula, threshold, or statistical rule stated in this sentence.",R/AllClasses.R,141-145,"  }
  if (is.null(assayNames(se)) || assayNames(se)[1] != ""counts"") {
    # check if ""counts"" are in another assay spot:
    if (length(assayNames(se)) > 1) {
      if (""counts"" %in% assayNames(se)[-1]) {
",inconsistent,,,,False,"DRAFT - unverified: Validated locations were found, but the claimed numeric value(s) were not present in the excerpt.",,,2026-10-02T10:46:37.788831+00:00
H0188,DESeq2,76c5f8523716804dbe0a9500b4b7e216c6af225c,"Bioinformatics 2007, 23:2881–2887.",unknown,other,"Check the parameters, defaults, formula, threshold, or statistical rule stated in this sentence.",R/AllClasses.R,141-145,"  }
  if (is.null(assayNames(se)) || assayNames(se)[1] != ""counts"") {
    # check if ""counts"" are in another assay spot:
    if (length(assayNames(se)) > 1) {
      if (""counts"" %in% assayNames(se)[-1]) {
",inconsistent,,,,False,"DRAFT - unverified: Validated locations were found, but the claimed numeric value(s) were not present in the excerpt.",,,2026-10-02T10:46:37.788831+00:00
H0189,DESeq2,76c5f8523716804dbe0a9500b4b7e216c6af225c,"Nucleic AcidsRes 2012, 40:4288–4297.",unknown,other,"Check the parameters, defaults, formula, threshold, or statistical rule stated in this sentence.",R/methods.R,685-689,"#' Genome Biology 11 (2010) R106, \url{http://dx.doi.org/10.1186/gb-2010-11-10-r106}
#'   \item McCarthy, DJ, Chen, Y, Smyth, GK: Differential expression analysis of multifactor RNA-Seq
#' experiments with respect to biological variation. Nucleic Acids Research 40 (2012), 4288-4297,
#' \url{http://dx.doi.org/10.1093/nar/gks042}
#'   \item Wu, H., Wang, C. & Wu, Z. A new shrinkage estimator for dispersion improves differential
",consistent,,,,False,"DRAFT - unverified: Validated excerpt contains claimed numeric value(s): 2012, 40, 4288, 4297.",,,2026-10-02T10:46:37.788831+00:00
H0190,DESeq2,76c5f8523716804dbe0a9500b4b7e216c6af225c,"GenomeBiol 2010, 11:106.",unknown,other,"Check the parameters, defaults, formula, threshold, or statistical rule stated in this sentence.",R/methods.R,476-480,"#' 
#' Simon Anders, Wolfgang Huber: Differential expression analysis for sequence count data.
#' Genome Biology 2010, 11:106. \url{http://dx.doi.org/10.1186/gb-2010-11-10-r106}
#' 
#' @examples
",consistent,,,,False,"DRAFT - unverified: Validated excerpt contains claimed numeric value(s): 106, 11, 2010.",,,2026-10-02T10:46:37.788831+00:00
H0191,DESeq2,76c5f8523716804dbe0a9500b4b7e216c6af225c,27:2672–2678.,unknown,other,"Check the parameters, defaults, formula, threshold, or statistical rule stated in this sentence.",R/AllClasses.R,141-145,"  }
  if (is.null(assayNames(se)) || assayNames(se)[1] != ""counts"") {
    # check if ""counts"" are in another assay spot:
    if (length(assayNames(se)) > 1) {
      if (""counts"" %in% assayNames(se)[-1]) {
",inconsistent,,,,False,"DRAFT - unverified: Validated locations were found, but the claimed numeric value(s) were not present in the excerpt.",,,2026-10-02T10:46:37.788831+00:00
H0192,DESeq2,76c5f8523716804dbe0a9500b4b7e216c6af225c,"Biostatistics 2013, 14:232–243.",unknown,other,"Check the parameters, defaults, formula, threshold, or statistical rule stated in this sentence.",R/AllClasses.R,141-145,"  }
  if (is.null(assayNames(se)) || assayNames(se)[1] != ""counts"") {
    # check if ""counts"" are in another assay spot:
    if (length(assayNames(se)) > 1) {
      if (""counts"" %in% assayNames(se)[-1]) {
",inconsistent,,,,False,"DRAFT - unverified: Validated locations were found, but the claimed numeric value(s) were not present in the excerpt.",,,2026-10-02T10:46:37.788831+00:00
H0193,DESeq2,76c5f8523716804dbe0a9500b4b7e216c6af225c,7.,unknown,other,"Check the parameters, defaults, formula, threshold, or statistical rule stated in this sentence.",R/AllClasses.R,141-145,"  }
  if (is.null(assayNames(se)) || assayNames(se)[1] != ""counts"") {
    # check if ""counts"" are in another assay spot:
    if (length(assayNames(se)) > 1) {
      if (""counts"" %in% assayNames(se)[-1]) {
",inconsistent,,,,False,"DRAFT - unverified: Validated locations were found, but the claimed numeric value(s) were not present in the excerpt.",,,2026-10-02T10:46:37.788831+00:00
H0194,DESeq2,76c5f8523716804dbe0a9500b4b7e216c6af225c,8.,unknown,other,"Check the parameters, defaults, formula, threshold, or statistical rule stated in this sentence.",R/AllClasses.R,141-145,"  }
  if (is.null(assayNames(se)) || assayNames(se)[1] != ""counts"") {
    # check if ""counts"" are in another assay spot:
    if (length(assayNames(se)) > 1) {
      if (""counts"" %in% assayNames(se)[-1]) {
",inconsistent,,,,False,"DRAFT - unverified: Validated locations were found, but the claimed numeric value(s) were not present in the excerpt.",,,2026-10-02T10:46:37.788831+00:00
H0195,DESeq2,76c5f8523716804dbe0a9500b4b7e216c6af225c,9.,unknown,other,"Check the parameters, defaults, formula, threshold, or statistical rule stated in this sentence.",R/AllClasses.R,141-145,"  }
  if (is.null(assayNames(se)) || assayNames(se)[1] != ""counts"") {
    # check if ""counts"" are in another assay spot:
    if (length(assayNames(se)) > 1) {
      if (""counts"" %in% assayNames(se)[-1]) {
",inconsistent,,,,False,"DRAFT - unverified: Validated locations were found, but the claimed numeric value(s) were not present in the excerpt.",,,2026-10-02T10:46:37.788831+00:00
H0196,DESeq2,76c5f8523716804dbe0a9500b4b7e216c6af225c,identifying differential expression in sequence count data.,unknown,other,"Check the parameters, defaults, formula, threshold, or statistical rule stated in this sentence.",R/methods.R,475-479,"#' Reference for the median ratio method:
#' 
#' Simon Anders, Wolfgang Huber: Differential expression analysis for sequence count data.
#' Genome Biology 2010, 11:106. \url{http://dx.doi.org/10.1186/gb-2010-11-10-r106}
#' 
",partial,,,,False,"DRAFT - unverified: A validated location was found, but no numeric value was available for comparison.",,,2026-10-02T10:46:37.788831+00:00
H0197,DESeq2,76c5f8523716804dbe0a9500b4b7e216c6af225c,"Bioinformatics 2010, 11:422.",unknown,other,"Check the parameters, defaults, formula, threshold, or statistical rule stated in this sentence.",R/AllClasses.R,141-145,"  }
  if (is.null(assayNames(se)) || assayNames(se)[1] != ""counts"") {
    # check if ""counts"" are in another assay spot:
    if (length(assayNames(se)) > 1) {
      if (""counts"" %in% assayNames(se)[-1]) {
",inconsistent,,,,False,"DRAFT - unverified: Validated locations were found, but the claimed numeric value(s) were not present in the excerpt.",,,2026-10-02T10:46:37.788831+00:00
H0198,DESeq2,76c5f8523716804dbe0a9500b4b7e216c6af225c,"Biostatistics 2013, 14:113–128.",unknown,other,"Check the parameters, defaults, formula, threshold, or statistical rule stated in this sentence.",R/AllClasses.R,141-145,"  }
  if (is.null(assayNames(se)) || assayNames(se)[1] != ""counts"") {
    # check if ""counts"" are in another assay spot:
    if (length(assayNames(se)) > 1) {
      if (""counts"" %in% assayNames(se)[-1]) {
",inconsistent,,,,False,"DRAFT - unverified: Validated locations were found, but the claimed numeric value(s) were not present in the excerpt.",,,2026-10-02T10:46:37.788831+00:00
H0199,DESeq2,76c5f8523716804dbe0a9500b4b7e216c6af225c,"31,500-element cDNA array.",unknown,other,"Check the parameters, defaults, formula, threshold, or statistical rule stated in this sentence.",R/AllClasses.R,141-145,"  }
  if (is.null(assayNames(se)) || assayNames(se)[1] != ""counts"") {
    # check if ""counts"" are in another assay spot:
    if (length(assayNames(se)) > 1) {
      if (""counts"" %in% assayNames(se)[-1]) {
",inconsistent,,,,False,"DRAFT - unverified: Validated locations were found, but the claimed numeric value(s) were not present in the excerpt.",,,2026-10-02T10:46:37.788831+00:00
H0200,DESeq2,76c5f8523716804dbe0a9500b4b7e216c6af225c,"GenomeRes 2001, 11:1861–1870.",unknown,other,"Check the parameters, defaults, formula, threshold, or statistical rule stated in this sentence.",R/AllClasses.R,141-145,"  }
  if (is.null(assayNames(se)) || assayNames(se)[1] != ""counts"") {
    # check if ""counts"" are in another assay spot:
    if (length(assayNames(se)) > 1) {
      if (""counts"" %in% assayNames(se)[-1]) {
",inconsistent,,,,False,"DRAFT - unverified: Validated locations were found, but the claimed numeric value(s) were not present in the excerpt.",,,2026-10-02T10:46:37.788831+00:00
H0201,DESeq2,76c5f8523716804dbe0a9500b4b7e216c6af225c,10.,unknown,other,"Check the parameters, defaults, formula, threshold, or statistical rule stated in this sentence.",R/AllClasses.R,141-145,"  }
  if (is.null(assayNames(se)) || assayNames(se)[1] != ""counts"") {
    # check if ""counts"" are in another assay spot:
    if (length(assayNames(se)) > 1) {
      if (""counts"" %in% assayNames(se)[-1]) {
",inconsistent,,,,False,"DRAFT - unverified: Validated locations were found, but the claimed numeric value(s) were not present in the excerpt.",,,2026-10-02T10:46:37.788831+00:00
H0202,DESeq2,76c5f8523716804dbe0a9500b4b7e216c6af225c,11.,unknown,other,"Check the parameters, defaults, formula, threshold, or statistical rule stated in this sentence.",R/AllClasses.R,141-145,"  }
  if (is.null(assayNames(se)) || assayNames(se)[1] != ""counts"") {
    # check if ""counts"" are in another assay spot:
    if (length(assayNames(se)) > 1) {
      if (""counts"" %in% assayNames(se)[-1]) {
",inconsistent,,,,False,"DRAFT - unverified: Validated locations were found, but the claimed numeric value(s) were not present in the excerpt.",,,2026-10-02T10:46:37.788831+00:00
H0203,DESeq2,76c5f8523716804dbe0a9500b4b7e216c6af225c,"Genome Biol 2004, 5:R80.",unknown,other,"Check the parameters, defaults, formula, threshold, or statistical rule stated in this sentence.",R/core.R,81-85,"#' Love, M.I., Huber, W., Anders, S. (2014)
#' Moderated estimation of fold change and dispersion
#' for RNA-seq data with DESeq2. Genome Biology, 15:550.
#' \url{https://doi.org/10.1186/s13059-014-0550-8}
#'
",inconsistent,,,,False,"DRAFT - unverified: Validated locations were found, but the claimed numeric value(s) were not present in the excerpt.",,,2026-10-02T10:46:37.788831+00:00
H0204,DESeq2,76c5f8523716804dbe0a9500b4b7e216c6af225c,12.,unknown,other,"Check the parameters, defaults, formula, threshold, or statistical rule stated in this sentence.",R/AllClasses.R,141-145,"  }
  if (is.null(assayNames(se)) || assayNames(se)[1] != ""counts"") {
    # check if ""counts"" are in another assay spot:
    if (length(assayNames(se)) > 1) {
      if (""counts"" %in% assayNames(se)[-1]) {
",inconsistent,,,,False,"DRAFT - unverified: Validated locations were found, but the claimed numeric value(s) were not present in the excerpt.",,,2026-10-02T10:46:37.788831+00:00
H0205,DESeq2,76c5f8523716804dbe0a9500b4b7e216c6af225c,Hall/CRC; 1989.,unknown,other,"Check the parameters, defaults, formula, threshold, or statistical rule stated in this sentence.",R/AllClasses.R,141-145,"  }
  if (is.null(assayNames(se)) || assayNames(se)[1] != ""counts"") {
    # check if ""counts"" are in another assay spot:
    if (length(assayNames(se)) > 1) {
      if (""counts"" %in% assayNames(se)[-1]) {
",inconsistent,,,,False,"DRAFT - unverified: Validated locations were found, but the claimed numeric value(s) were not present in the excerpt.",,,2026-10-02T10:46:37.788831+00:00
H0206,DESeq2,76c5f8523716804dbe0a9500b4b7e216c6af225c,13.,unknown,other,"Check the parameters, defaults, formula, threshold, or statistical rule stated in this sentence.",R/AllClasses.R,141-145,"  }
  if (is.null(assayNames(se)) || assayNames(se)[1] != ""counts"") {
    # check if ""counts"" are in another assay spot:
    if (length(assayNames(se)) > 1) {
      if (""counts"" %in% assayNames(se)[-1]) {
",inconsistent,,,,False,"DRAFT - unverified: Validated locations were found, but the claimed numeric value(s) were not present in the excerpt.",,,2026-10-02T10:46:37.788831+00:00
H0207,DESeq2,76c5f8523716804dbe0a9500b4b7e216c6af225c,"2012, 13:204–216.",unknown,other,"Check the parameters, defaults, formula, threshold, or statistical rule stated in this sentence.",R/AllClasses.R,141-145,"  }
  if (is.null(assayNames(se)) || assayNames(se)[1] != ""counts"") {
    # check if ""counts"" are in another assay spot:
    if (length(assayNames(se)) > 1) {
      if (""counts"" %in% assayNames(se)[-1]) {
",inconsistent,,,,False,"DRAFT - unverified: Validated locations were found, but the claimed numeric value(s) were not present in the excerpt.",,,2026-10-02T10:46:37.788831+00:00
H0208,DESeq2,76c5f8523716804dbe0a9500b4b7e216c6af225c,14.,unknown,other,"Check the parameters, defaults, formula, threshold, or statistical rule stated in this sentence.",R/AllClasses.R,141-145,"  }
  if (is.null(assayNames(se)) || assayNames(se)[1] != ""counts"") {
    # check if ""counts"" are in another assay spot:
    if (length(assayNames(se)) > 1) {
      if (""counts"" %in% assayNames(se)[-1]) {
",inconsistent,,,,False,"DRAFT - unverified: Validated locations were found, but the claimed numeric value(s) were not present in the excerpt.",,,2026-10-02T10:46:37.788831+00:00
H0209,DESeq2,76c5f8523716804dbe0a9500b4b7e216c6af225c,"BMCBioinformatics 2011, 12:480.",unknown,other,"Check the parameters, defaults, formula, threshold, or statistical rule stated in this sentence.",R/AllClasses.R,141-145,"  }
  if (is.null(assayNames(se)) || assayNames(se)[1] != ""counts"") {
    # check if ""counts"" are in another assay spot:
    if (length(assayNames(se)) > 1) {
      if (""counts"" %in% assayNames(se)[-1]) {
",inconsistent,,,,False,"DRAFT - unverified: Validated locations were found, but the claimed numeric value(s) were not present in the excerpt.",,,2026-10-02T10:46:37.788831+00:00
H0210,DESeq2,76c5f8523716804dbe0a9500b4b7e216c6af225c,15.,unknown,other,"Check the parameters, defaults, formula, threshold, or statistical rule stated in this sentence.",R/AllClasses.R,141-145,"  }
  if (is.null(assayNames(se)) || assayNames(se)[1] != ""counts"") {
    # check if ""counts"" are in another assay spot:
    if (length(assayNames(se)) > 1) {
      if (""counts"" %in% assayNames(se)[-1]) {
",inconsistent,,,,False,"DRAFT - unverified: Validated locations were found, but the claimed numeric value(s) were not present in the excerpt.",,,2026-10-02T10:46:37.788831+00:00
H0211,DESeq2,76c5f8523716804dbe0a9500b4b7e216c6af225c,"Biol 2004, 3:1–25.",unknown,other,"Check the parameters, defaults, formula, threshold, or statistical rule stated in this sentence.",R/RcppExports.R,1-4,"# Generated by using Rcpp::compileAttributes() -> do not edit by hand
# Generator token: 10BE3573-1514-4C36-9D1C-5A225CD40393

fitDisp <- function(ySEXP, xSEXP, mu_hatSEXP, log_alphaSEXP, log_alpha_prior_meanSEXP, log_alpha_prior_sigmasqSEXP, min_log_alphaSEXP, kappa_0SEXP, tolSEXP, maxitSEXP, usePriorSEXP, weightsSEXP, useWeightsSEXP, weightThresholdSEXP, useCRSEXP) {
",inconsistent,,,,False,"DRAFT - unverified: Validated locations were found, but the claimed numeric value(s) were not present in the excerpt.",,,2026-10-02T10:46:37.788831+00:00
H0212,DESeq2,76c5f8523716804dbe0a9500b4b7e216c6af225c,16.,unknown,other,"Check the parameters, defaults, formula, threshold, or statistical rule stated in this sentence.",R/AllClasses.R,141-145,"  }
  if (is.null(assayNames(se)) || assayNames(se)[1] != ""counts"") {
    # check if ""counts"" are in another assay spot:
    if (length(assayNames(se)) > 1) {
      if (""counts"" %in% assayNames(se)[-1]) {
",inconsistent,,,,False,"DRAFT - unverified: Validated locations were found, but the claimed numeric value(s) were not present in the excerpt.",,,2026-10-02T10:46:37.788831+00:00
H0213,DESeq2,76c5f8523716804dbe0a9500b4b7e216c6af225c,"PLoSONE 2011, 6:17820.",unknown,other,"Check the parameters, defaults, formula, threshold, or statistical rule stated in this sentence.",R/AllClasses.R,141-145,"  }
  if (is.null(assayNames(se)) || assayNames(se)[1] != ""counts"") {
    # check if ""counts"" are in another assay spot:
    if (length(assayNames(se)) > 1) {
      if (""counts"" %in% assayNames(se)[-1]) {
",inconsistent,,,,False,"DRAFT - unverified: Validated locations were found, but the claimed numeric value(s) were not present in the excerpt.",,,2026-10-02T10:46:37.788831+00:00
H0214,DESeq2,76c5f8523716804dbe0a9500b4b7e216c6af225c,17.,unknown,other,"Check the parameters, defaults, formula, threshold, or statistical rule stated in this sentence.",R/AllClasses.R,141-145,"  }
  if (is.null(assayNames(se)) || assayNames(se)[1] != ""counts"") {
    # check if ""counts"" are in another assay spot:
    if (length(assayNames(se)) > 1) {
      if (""counts"" %in% assayNames(se)[-1]) {
",inconsistent,,,,False,"DRAFT - unverified: Validated locations were found, but the claimed numeric value(s) were not present in the excerpt.",,,2026-10-02T10:46:37.788831+00:00
H0215,DESeq2,76c5f8523716804dbe0a9500b4b7e216c6af225c,"Nature 2010, 464:768–772.",unknown,other,"Check the parameters, defaults, formula, threshold, or statistical rule stated in this sentence.",R/AllClasses.R,141-145,"  }
  if (is.null(assayNames(se)) || assayNames(se)[1] != ""counts"") {
    # check if ""counts"" are in another assay spot:
    if (length(assayNames(se)) > 1) {
      if (""counts"" %in% assayNames(se)[-1]) {
",inconsistent,,,,False,"DRAFT - unverified: Validated locations were found, but the claimed numeric value(s) were not present in the excerpt.",,,2026-10-02T10:46:37.788831+00:00
H0216,DESeq2,76c5f8523716804dbe0a9500b4b7e216c6af225c,18.,unknown,other,"Check the parameters, defaults, formula, threshold, or statistical rule stated in this sentence.",R/AllClasses.R,141-145,"  }
  if (is.null(assayNames(se)) || assayNames(se)[1] != ""counts"") {
    # check if ""counts"" are in another assay spot:
    if (length(assayNames(se)) > 1) {
      if (""counts"" %in% assayNames(se)[-1]) {
",inconsistent,,,,False,"DRAFT - unverified: Validated locations were found, but the claimed numeric value(s) were not present in the excerpt.",,,2026-10-02T10:46:37.788831+00:00
H0217,DESeq2,76c5f8523716804dbe0a9500b4b7e216c6af225c,Springer; 2009.,unknown,other,"Check the parameters, defaults, formula, threshold, or statistical rule stated in this sentence.",R/AllClasses.R,141-145,"  }
  if (is.null(assayNames(se)) || assayNames(se)[1] != ""counts"") {
    # check if ""counts"" are in another assay spot:
    if (length(assayNames(se)) > 1) {
      if (""counts"" %in% assayNames(se)[-1]) {
",inconsistent,,,,False,"DRAFT - unverified: Validated locations were found, but the claimed numeric value(s) were not present in the excerpt.",,,2026-10-02T10:46:37.788831+00:00
H0218,DESeq2,76c5f8523716804dbe0a9500b4b7e216c6af225c,19.,unknown,other,"Check the parameters, defaults, formula, threshold, or statistical rule stated in this sentence.",R/AllClasses.R,141-145,"  }
  if (is.null(assayNames(se)) || assayNames(se)[1] != ""counts"") {
    # check if ""counts"" are in another assay spot:
    if (length(assayNames(se)) > 1) {
      if (""counts"" %in% assayNames(se)[-1]) {
",inconsistent,,,,False,"DRAFT - unverified: Validated locations were found, but the claimed numeric value(s) were not present in the excerpt.",,,2026-10-02T10:46:37.788831+00:00
H0219,DESeq2,76c5f8523716804dbe0a9500b4b7e216c6af225c,"Bioinformatics 2013, 14:262.",unknown,other,"Check the parameters, defaults, formula, threshold, or statistical rule stated in this sentence.",R/AllClasses.R,141-145,"  }
  if (is.null(assayNames(se)) || assayNames(se)[1] != ""counts"") {
    # check if ""counts"" are in another assay spot:
    if (length(assayNames(se)) > 1) {
      if (""counts"" %in% assayNames(se)[-1]) {
",inconsistent,,,,False,"DRAFT - unverified: Validated locations were found, but the claimed numeric value(s) were not present in the excerpt.",,,2026-10-02T10:46:37.788831+00:00
H0220,DESeq2,76c5f8523716804dbe0a9500b4b7e216c6af225c,20.,unknown,other,"Check the parameters, defaults, formula, threshold, or statistical rule stated in this sentence.",R/AllClasses.R,141-145,"  }
  if (is.null(assayNames(se)) || assayNames(se)[1] != ""counts"") {
    # check if ""counts"" are in another assay spot:
    if (length(assayNames(se)) > 1) {
      if (""counts"" %in% assayNames(se)[-1]) {
",inconsistent,,,,False,"DRAFT - unverified: Validated locations were found, but the claimed numeric value(s) were not present in the excerpt.",,,2026-10-02T10:46:37.788831+00:00
H0221,DESeq2,76c5f8523716804dbe0a9500b4b7e216c6af225c,"Bioinformatics 2012, 28:2782–2788.",unknown,other,"Check the parameters, defaults, formula, threshold, or statistical rule stated in this sentence.",R/AllClasses.R,141-145,"  }
  if (is.null(assayNames(se)) || assayNames(se)[1] != ""counts"") {
    # check if ""counts"" are in another assay spot:
    if (length(assayNames(se)) > 1) {
      if (""counts"" %in% assayNames(se)[-1]) {
",inconsistent,,,,False,"DRAFT - unverified: Validated locations were found, but the claimed numeric value(s) were not present in the excerpt.",,,2026-10-02T10:46:37.788831+00:00
H0222,DESeq2,76c5f8523716804dbe0a9500b4b7e216c6af225c,21.,unknown,other,"Check the parameters, defaults, formula, threshold, or statistical rule stated in this sentence.",R/AllClasses.R,141-145,"  }
  if (is.null(assayNames(se)) || assayNames(se)[1] != ""counts"") {
    # check if ""counts"" are in another assay spot:
    if (length(assayNames(se)) > 1) {
      if (""counts"" %in% assayNames(se)[-1]) {
",inconsistent,,,,False,"DRAFT - unverified: Validated locations were found, but the claimed numeric value(s) were not present in the excerpt.",,,2026-10-02T10:46:37.788831+00:00
H0223,DESeq2,76c5f8523716804dbe0a9500b4b7e216c6af225c,"Methodol 1995, 57:289–300.",unknown,other,"Check the parameters, defaults, formula, threshold, or statistical rule stated in this sentence.",R/AllClasses.R,141-145,"  }
  if (is.null(assayNames(se)) || assayNames(se)[1] != ""counts"") {
    # check if ""counts"" are in another assay spot:
    if (length(assayNames(se)) > 1) {
      if (""counts"" %in% assayNames(se)[-1]) {
",inconsistent,,,,False,"DRAFT - unverified: Validated locations were found, but the claimed numeric value(s) were not present in the excerpt.",,,2026-10-02T10:46:37.788831+00:00
H0224,DESeq2,76c5f8523716804dbe0a9500b4b7e216c6af225c,22.,unknown,other,"Check the parameters, defaults, formula, threshold, or statistical rule stated in this sentence.",R/AllClasses.R,141-145,"  }
  if (is.null(assayNames(se)) || assayNames(se)[1] != ""counts"") {
    # check if ""counts"" are in another assay spot:
    if (length(assayNames(se)) > 1) {
      if (""counts"" %in% assayNames(se)[-1]) {
",inconsistent,,,,False,"DRAFT - unverified: Validated locations were found, but the claimed numeric value(s) were not present in the excerpt.",,,2026-10-02T10:46:37.788831+00:00
H0225,DESeq2,76c5f8523716804dbe0a9500b4b7e216c6af225c,"USA 2010, 107:9546–9551.",unknown,other,"Check the parameters, defaults, formula, threshold, or statistical rule stated in this sentence.",R/AllClasses.R,141-145,"  }
  if (is.null(assayNames(se)) || assayNames(se)[1] != ""counts"") {
    # check if ""counts"" are in another assay spot:
    if (length(assayNames(se)) > 1) {
      if (""counts"" %in% assayNames(se)[-1]) {
",inconsistent,,,,False,"DRAFT - unverified: Validated locations were found, but the claimed numeric value(s) were not present in the excerpt.",,,2026-10-02T10:46:37.788831+00:00
H0226,DESeq2,76c5f8523716804dbe0a9500b4b7e216c6af225c,23.,unknown,other,"Check the parameters, defaults, formula, threshold, or statistical rule stated in this sentence.",R/AllClasses.R,141-145,"  }
  if (is.null(assayNames(se)) || assayNames(se)[1] != ""counts"") {
    # check if ""counts"" are in another assay spot:
    if (length(assayNames(se)) > 1) {
      if (""counts"" %in% assayNames(se)[-1]) {
",inconsistent,,,,False,"DRAFT - unverified: Validated locations were found, but the claimed numeric value(s) were not present in the excerpt.",,,2026-10-02T10:46:37.788831+00:00
H0227,DESeq2,76c5f8523716804dbe0a9500b4b7e216c6af225c,"Bioinformatics 2009, 25:765–771.",unknown,other,"Check the parameters, defaults, formula, threshold, or statistical rule stated in this sentence.",R/AllClasses.R,141-145,"  }
  if (is.null(assayNames(se)) || assayNames(se)[1] != ""counts"") {
    # check if ""counts"" are in another assay spot:
    if (length(assayNames(se)) > 1) {
      if (""counts"" %in% assayNames(se)[-1]) {
",inconsistent,,,,False,"DRAFT - unverified: Validated locations were found, but the claimed numeric value(s) were not present in the excerpt.",,,2026-10-02T10:46:37.788831+00:00
H0228,DESeq2,76c5f8523716804dbe0a9500b4b7e216c6af225c,24.,unknown,other,"Check the parameters, defaults, formula, threshold, or statistical rule stated in this sentence.",R/AllClasses.R,141-145,"  }
  if (is.null(assayNames(se)) || assayNames(se)[1] != ""counts"") {
    # check if ""counts"" are in another assay spot:
    if (length(assayNames(se)) > 1) {
      if (""counts"" %in% assayNames(se)[-1]) {
",inconsistent,,,,False,"DRAFT - unverified: Validated locations were found, but the claimed numeric value(s) were not present in the excerpt.",,,2026-10-02T10:46:37.788831+00:00
H0229,DESeq2,76c5f8523716804dbe0a9500b4b7e216c6af225c,"Stat Methods Med Res 2013, 22:519–536.",unknown,other,"Check the parameters, defaults, formula, threshold, or statistical rule stated in this sentence.",R/core.R,697-701,"  # (we need this already to decide about linear mu fitting)
  attr(object, ""weightsOK"") <- NULL # reset any information
  wlist <- getAndCheckWeights(object, modelMatrix, weightThreshold=weightThreshold)
  object <- wlist$object
  weights <- wlist$weights
",inconsistent,,,,False,"DRAFT - unverified: Validated locations were found, but the claimed numeric value(s) were not present in the excerpt.",,,2026-10-02T10:46:37.788831+00:00
H0230,DESeq2,76c5f8523716804dbe0a9500b4b7e216c6af225c,25.,unknown,other,"Check the parameters, defaults, formula, threshold, or statistical rule stated in this sentence.",R/AllClasses.R,141-145,"  }
  if (is.null(assayNames(se)) || assayNames(se)[1] != ""counts"") {
    # check if ""counts"" are in another assay spot:
    if (length(assayNames(se)) > 1) {
      if (""counts"" %in% assayNames(se)[-1]) {
",inconsistent,,,,False,"DRAFT - unverified: Validated locations were found, but the claimed numeric value(s) were not present in the excerpt.",,,2026-10-02T10:46:37.788831+00:00
H0231,DESeq2,76c5f8523716804dbe0a9500b4b7e216c6af225c,"Technometrics 1977, 19:15–18.",unknown,other,"Check the parameters, defaults, formula, threshold, or statistical rule stated in this sentence.",R/AllClasses.R,141-145,"  }
  if (is.null(assayNames(se)) || assayNames(se)[1] != ""counts"") {
    # check if ""counts"" are in another assay spot:
    if (length(assayNames(se)) > 1) {
      if (""counts"" %in% assayNames(se)[-1]) {
",consistent,,,,False,"DRAFT - unverified: Validated excerpt contains claimed numeric value(s): 15, 18, 19, 1977.",,,2026-10-02T10:46:37.788831+00:00
H0232,DESeq2,76c5f8523716804dbe0a9500b4b7e216c6af225c,26.,unknown,other,"Check the parameters, defaults, formula, threshold, or statistical rule stated in this sentence.",R/AllClasses.R,141-145,"  }
  if (is.null(assayNames(se)) || assayNames(se)[1] != ""counts"") {
    # check if ""counts"" are in another assay spot:
    if (length(assayNames(se)) > 1) {
      if (""counts"" %in% assayNames(se)[-1]) {
",inconsistent,,,,False,"DRAFT - unverified: Validated locations were found, but the claimed numeric value(s) were not present in the excerpt.",,,2026-10-02T10:46:37.788831+00:00
H0233,DESeq2,76c5f8523716804dbe0a9500b4b7e216c6af225c,"GenomeRes 2010, 20:847–860.",unknown,other,"Check the parameters, defaults, formula, threshold, or statistical rule stated in this sentence.",R/AllClasses.R,141-145,"  }
  if (is.null(assayNames(se)) || assayNames(se)[1] != ""counts"") {
    # check if ""counts"" are in another assay spot:
    if (length(assayNames(se)) > 1) {
      if (""counts"" %in% assayNames(se)[-1]) {
",inconsistent,,,,False,"DRAFT - unverified: Validated locations were found, but the claimed numeric value(s) were not present in the excerpt.",,,2026-10-02T10:46:37.788831+00:00
H0234,DESeq2,76c5f8523716804dbe0a9500b4b7e216c6af225c,27.,unknown,other,"Check the parameters, defaults, formula, threshold, or statistical rule stated in this sentence.",R/AllClasses.R,141-145,"  }
  if (is.null(assayNames(se)) || assayNames(se)[1] != ""counts"") {
    # check if ""counts"" are in another assay spot:
    if (length(assayNames(se)) > 1) {
      if (""counts"" %in% assayNames(se)[-1]) {
",inconsistent,,,,False,"DRAFT - unverified: Validated locations were found, but the claimed numeric value(s) were not present in the excerpt.",,,2026-10-02T10:46:37.788831+00:00
H0235,DESeq2,76c5f8523716804dbe0a9500b4b7e216c6af225c,of analysis-ready RNA-seq gene count datasets.,unknown,other,"Check the parameters, defaults, formula, threshold, or statistical rule stated in this sentence.",R/AllClasses.R,104-108,"#' columns are sample metadata which will be stored in \code{colData}
#' @param txi for tximport: the simple list output of the \code{tximport} function
#' @param directory for htseq-count: the directory relative to which the filenames are specified. defaults to current directory
#' @param ignoreRank use of this argument is reserved for DEXSeq developers only.
#' Users will immediately encounter an error upon trying to estimate dispersion
",partial,,,,False,"DRAFT - unverified: A validated location was found, but no numeric value was available for comparison.",,,2026-10-02T10:46:37.788831+00:00
H0236,DESeq2,76c5f8523716804dbe0a9500b4b7e216c6af225c,"2011, 12:449.",unknown,other,"Check the parameters, defaults, formula, threshold, or statistical rule stated in this sentence.",R/AllClasses.R,141-145,"  }
  if (is.null(assayNames(se)) || assayNames(se)[1] != ""counts"") {
    # check if ""counts"" are in another assay spot:
    if (length(assayNames(se)) > 1) {
      if (""counts"" %in% assayNames(se)[-1]) {
",inconsistent,,,,False,"DRAFT - unverified: Validated locations were found, but the claimed numeric value(s) were not present in the excerpt.",,,2026-10-02T10:46:37.788831+00:00
H0237,DESeq2,76c5f8523716804dbe0a9500b4b7e216c6af225c,28.,unknown,other,"Check the parameters, defaults, formula, threshold, or statistical rule stated in this sentence.",R/AllClasses.R,141-145,"  }
  if (is.null(assayNames(se)) || assayNames(se)[1] != ""counts"") {
    # check if ""counts"" are in another assay spot:
    if (length(assayNames(se)) > 1) {
      if (""counts"" %in% assayNames(se)[-1]) {
",inconsistent,,,,False,"DRAFT - unverified: Validated locations were found, but the claimed numeric value(s) were not present in the excerpt.",,,2026-10-02T10:46:37.788831+00:00
H0238,DESeq2,76c5f8523716804dbe0a9500b4b7e216c6af225c,"NatBiotechnol 2012, 31:46–53.",unknown,other,"Check the parameters, defaults, formula, threshold, or statistical rule stated in this sentence.",R/AllClasses.R,141-145,"  }
  if (is.null(assayNames(se)) || assayNames(se)[1] != ""counts"") {
    # check if ""counts"" are in another assay spot:
    if (length(assayNames(se)) > 1) {
      if (""counts"" %in% assayNames(se)[-1]) {
",inconsistent,,,,False,"DRAFT - unverified: Validated locations were found, but the claimed numeric value(s) were not present in the excerpt.",,,2026-10-02T10:46:37.788831+00:00
H0239,DESeq2,76c5f8523716804dbe0a9500b4b7e216c6af225c,29.,unknown,other,"Check the parameters, defaults, formula, threshold, or statistical rule stated in this sentence.",R/AllClasses.R,141-145,"  }
  if (is.null(assayNames(se)) || assayNames(se)[1] != ""counts"") {
    # check if ""counts"" are in another assay spot:
    if (length(assayNames(se)) > 1) {
      if (""counts"" %in% assayNames(se)[-1]) {
",inconsistent,,,,False,"DRAFT - unverified: Validated locations were found, but the claimed numeric value(s) were not present in the excerpt.",,,2026-10-02T10:46:37.788831+00:00
H0240,DESeq2,76c5f8523716804dbe0a9500b4b7e216c6af225c,"Bioinformatics 2012, 28:1721–1728.",unknown,other,"Check the parameters, defaults, formula, threshold, or statistical rule stated in this sentence.",R/AllClasses.R,141-145,"  }
  if (is.null(assayNames(se)) || assayNames(se)[1] != ""counts"") {
    # check if ""counts"" are in another assay spot:
    if (length(assayNames(se)) > 1) {
      if (""counts"" %in% assayNames(se)[-1]) {
",inconsistent,,,,False,"DRAFT - unverified: Validated locations were found, but the claimed numeric value(s) were not present in the excerpt.",,,2026-10-02T10:46:37.788831+00:00
H0241,DESeq2,76c5f8523716804dbe0a9500b4b7e216c6af225c,30.,unknown,other,"Check the parameters, defaults, formula, threshold, or statistical rule stated in this sentence.",R/AllClasses.R,141-145,"  }
  if (is.null(assayNames(se)) || assayNames(se)[1] != ""counts"") {
    # check if ""counts"" are in another assay spot:
    if (length(assayNames(se)) > 1) {
      if (""counts"" %in% assayNames(se)[-1]) {
",inconsistent,,,,False,"DRAFT - unverified: Validated locations were found, but the claimed numeric value(s) were not present in the excerpt.",,,2026-10-02T10:46:37.788831+00:00
H0242,DESeq2,76c5f8523716804dbe0a9500b4b7e216c6af225c,"GenomeRes 2012, 22:2008–2017.",unknown,other,"Check the parameters, defaults, formula, threshold, or statistical rule stated in this sentence.",R/AllClasses.R,141-145,"  }
  if (is.null(assayNames(se)) || assayNames(se)[1] != ""counts"") {
    # check if ""counts"" are in another assay spot:
    if (length(assayNames(se)) > 1) {
      if (""counts"" %in% assayNames(se)[-1]) {
",inconsistent,,,,False,"DRAFT - unverified: Validated locations were found, but the claimed numeric value(s) were not present in the excerpt.",,,2026-10-02T10:46:37.788831+00:00
H0243,DESeq2,76c5f8523716804dbe0a9500b4b7e216c6af225c,31.,unknown,other,"Check the parameters, defaults, formula, threshold, or statistical rule stated in this sentence.",R/AllClasses.R,141-145,"  }
  if (is.null(assayNames(se)) || assayNames(se)[1] != ""counts"") {
    # check if ""counts"" are in another assay spot:
    if (length(assayNames(se)) > 1) {
      if (""counts"" %in% assayNames(se)[-1]) {
",inconsistent,,,,False,"DRAFT - unverified: Validated locations were found, but the claimed numeric value(s) were not present in the excerpt.",,,2026-10-02T10:46:37.788831+00:00
H0244,DESeq2,76c5f8523716804dbe0a9500b4b7e216c6af225c,"JComputBiol2009, 16:1117–1140.",unknown,other,"Check the parameters, defaults, formula, threshold, or statistical rule stated in this sentence.",R/AllClasses.R,141-145,"  }
  if (is.null(assayNames(se)) || assayNames(se)[1] != ""counts"") {
    # check if ""counts"" are in another assay spot:
    if (length(assayNames(se)) > 1) {
      if (""counts"" %in% assayNames(se)[-1]) {
",inconsistent,,,,False,"DRAFT - unverified: Validated locations were found, but the claimed numeric value(s) were not present in the excerpt.",,,2026-10-02T10:46:37.788831+00:00
H0245,DESeq2,76c5f8523716804dbe0a9500b4b7e216c6af225c,32.,unknown,other,"Check the parameters, defaults, formula, threshold, or statistical rule stated in this sentence.",R/AllClasses.R,141-145,"  }
  if (is.null(assayNames(se)) || assayNames(se)[1] != ""counts"") {
    # check if ""counts"" are in another assay spot:
    if (length(assayNames(se)) > 1) {
      if (""counts"" %in% assayNames(se)[-1]) {
",inconsistent,,,,False,"DRAFT - unverified: Validated locations were found, but the claimed numeric value(s) were not present in the excerpt.",,,2026-10-02T10:46:37.788831+00:00
H0246,DESeq2,76c5f8523716804dbe0a9500b4b7e216c6af225c,2013.,unknown,other,"Check the parameters, defaults, formula, threshold, or statistical rule stated in this sentence.",R/AllClasses.R,141-145,"  }
  if (is.null(assayNames(se)) || assayNames(se)[1] != ""counts"") {
    # check if ""counts"" are in another assay spot:
    if (length(assayNames(se)) > 1) {
      if (""counts"" %in% assayNames(se)[-1]) {
",inconsistent,,,,False,"DRAFT - unverified: Validated locations were found, but the claimed numeric value(s) were not present in the excerpt.",,,2026-10-02T10:46:37.788831+00:00
H0247,DESeq2,76c5f8523716804dbe0a9500b4b7e216c6af225c,33.,unknown,other,"Check the parameters, defaults, formula, threshold, or statistical rule stated in this sentence.",R/AllClasses.R,141-145,"  }
  if (is.null(assayNames(se)) || assayNames(se)[1] != ""counts"") {
    # check if ""counts"" are in another assay spot:
    if (length(assayNames(se)) > 1) {
      if (""counts"" %in% assayNames(se)[-1]) {
",inconsistent,,,,False,"DRAFT - unverified: Validated locations were found, but the claimed numeric value(s) were not present in the excerpt.",,,2026-10-02T10:46:37.788831+00:00
H0248,DESeq2,76c5f8523716804dbe0a9500b4b7e216c6af225c,for differential expression analysis of digital gene expression data.,unknown,other,"Check the parameters, defaults, formula, threshold, or statistical rule stated in this sentence.",R/methods.R,475-479,"#' Reference for the median ratio method:
#' 
#' Simon Anders, Wolfgang Huber: Differential expression analysis for sequence count data.
#' Genome Biology 2010, 11:106. \url{http://dx.doi.org/10.1186/gb-2010-11-10-r106}
#' 
",partial,,,,False,"DRAFT - unverified: A validated location was found, but no numeric value was available for comparison.",,,2026-10-02T10:46:37.788831+00:00
H0249,DESeq2,76c5f8523716804dbe0a9500b4b7e216c6af225c,"Bioinformatics 2009, 26:139–140.",unknown,other,"Check the parameters, defaults, formula, threshold, or statistical rule stated in this sentence.",R/AllClasses.R,141-145,"  }
  if (is.null(assayNames(se)) || assayNames(se)[1] != ""counts"") {
    # check if ""counts"" are in another assay spot:
    if (length(assayNames(se)) > 1) {
      if (""counts"" %in% assayNames(se)[-1]) {
",inconsistent,,,,False,"DRAFT - unverified: Validated locations were found, but the claimed numeric value(s) were not present in the excerpt.",,,2026-10-02T10:46:37.788831+00:00
H0250,DESeq2,76c5f8523716804dbe0a9500b4b7e216c6af225c,34.,unknown,other,"Check the parameters, defaults, formula, threshold, or statistical rule stated in this sentence.",R/AllClasses.R,141-145,"  }
  if (is.null(assayNames(se)) || assayNames(se)[1] != ""counts"") {
    # check if ""counts"" are in another assay spot:
    if (length(assayNames(se)) > 1) {
      if (""counts"" %in% assayNames(se)[-1]) {
",inconsistent,,,,False,"DRAFT - unverified: Validated locations were found, but the claimed numeric value(s) were not present in the excerpt.",,,2026-10-02T10:46:37.788831+00:00
H0251,DESeq2,76c5f8523716804dbe0a9500b4b7e216c6af225c,"Nucleic Acids Res 2014, 42:e91.",unknown,other,"Check the parameters, defaults, formula, threshold, or statistical rule stated in this sentence.",R/methods.R,685-689,"#' Genome Biology 11 (2010) R106, \url{http://dx.doi.org/10.1186/gb-2010-11-10-r106}
#'   \item McCarthy, DJ, Chen, Y, Smyth, GK: Differential expression analysis of multifactor RNA-Seq
#' experiments with respect to biological variation. Nucleic Acids Research 40 (2012), 4288-4297,
#' \url{http://dx.doi.org/10.1093/nar/gks042}
#'   \item Wu, H., Wang, C. & Wu, Z. A new shrinkage estimator for dispersion improves differential
",inconsistent,,,,False,"DRAFT - unverified: Validated locations were found, but the claimed numeric value(s) were not present in the excerpt.",,,2026-10-02T10:46:37.788831+00:00
H0252,DESeq2,76c5f8523716804dbe0a9500b4b7e216c6af225c,35.,unknown,other,"Check the parameters, defaults, formula, threshold, or statistical rule stated in this sentence.",R/AllClasses.R,141-145,"  }
  if (is.null(assayNames(se)) || assayNames(se)[1] != ""counts"") {
    # check if ""counts"" are in another assay spot:
    if (length(assayNames(se)) > 1) {
      if (""counts"" %in% assayNames(se)[-1]) {
",inconsistent,,,,False,"DRAFT - unverified: Validated locations were found, but the claimed numeric value(s) were not present in the excerpt.",,,2026-10-02T10:46:37.788831+00:00
H0253,DESeq2,76c5f8523716804dbe0a9500b4b7e216c6af225c,"Bioinformatics 2013, 29:1035–1043.",unknown,other,"Check the parameters, defaults, formula, threshold, or statistical rule stated in this sentence.",R/AllClasses.R,141-145,"  }
  if (is.null(assayNames(se)) || assayNames(se)[1] != ""counts"") {
    # check if ""counts"" are in another assay spot:
    if (length(assayNames(se)) > 1) {
      if (""counts"" %in% assayNames(se)[-1]) {
",inconsistent,,,,False,"DRAFT - unverified: Validated locations were found, but the claimed numeric value(s) were not present in the excerpt.",,,2026-10-02T10:46:37.788831+00:00
H0254,DESeq2,76c5f8523716804dbe0a9500b4b7e216c6af225c,36.,unknown,other,"Check the parameters, defaults, formula, threshold, or statistical rule stated in this sentence.",R/AllClasses.R,141-145,"  }
  if (is.null(assayNames(se)) || assayNames(se)[1] != ""counts"") {
    # check if ""counts"" are in another assay spot:
    if (length(assayNames(se)) > 1) {
      if (""counts"" %in% assayNames(se)[-1]) {
",inconsistent,,,,False,"DRAFT - unverified: Validated locations were found, but the claimed numeric value(s) were not present in the excerpt.",,,2026-10-02T10:46:37.788831+00:00
H0255,DESeq2,76c5f8523716804dbe0a9500b4b7e216c6af225c,linear model analysis tools for RNA-seq read counts.,unknown,other,"Check the parameters, defaults, formula, threshold, or statistical rule stated in this sentence.",R/core.R,103-107,"#' support site: \url{http://support.bioconductor.org}.
#'
#' The differential expression analysis uses a generalized linear model of the form:
#'
#' \deqn{ K_{ij} \sim \textrm{NB}( \mu_{ij}, \alpha_i) }{ K_ij ~ NB(mu_ij, alpha_i) }
",partial,,,,False,"DRAFT - unverified: A validated location was found, but no numeric value was available for comparison.",,,2026-10-02T10:46:37.788831+00:00
H0256,DESeq2,76c5f8523716804dbe0a9500b4b7e216c6af225c,"2014, 15:29.",unknown,other,"Check the parameters, defaults, formula, threshold, or statistical rule stated in this sentence.",R/AllClasses.R,141-145,"  }
  if (is.null(assayNames(se)) || assayNames(se)[1] != ""counts"") {
    # check if ""counts"" are in another assay spot:
    if (length(assayNames(se)) > 1) {
      if (""counts"" %in% assayNames(se)[-1]) {
",consistent,,,,False,"DRAFT - unverified: Validated excerpt contains claimed numeric value(s): 15, 2014, 29.",,,2026-10-02T10:46:37.788831+00:00
H0257,DESeq2,76c5f8523716804dbe0a9500b4b7e216c6af225c,37.,unknown,other,"Check the parameters, defaults, formula, threshold, or statistical rule stated in this sentence.",R/AllClasses.R,141-145,"  }
  if (is.null(assayNames(se)) || assayNames(se)[1] != ""counts"") {
    # check if ""counts"" are in another assay spot:
    if (length(assayNames(se)) > 1) {
      if (""counts"" %in% assayNames(se)[-1]) {
",inconsistent,,,,False,"DRAFT - unverified: Validated locations were found, but the claimed numeric value(s) were not present in the excerpt.",,,2026-10-02T10:46:37.788831+00:00
H0258,DESeq2,76c5f8523716804dbe0a9500b4b7e216c6af225c,"JClassif 1985, 2:193–218.",unknown,other,"Check the parameters, defaults, formula, threshold, or statistical rule stated in this sentence.",R/core.R,2715-2719,"}

getAndCheckWeights <- function(object, modelMatrix, weightThreshold=1e-2) {
  if (""weights"" %in% assayNames(object)) {
    useWeights <- TRUE
",consistent,,,,False,"DRAFT - unverified: Validated excerpt contains claimed numeric value(s): 193, 1985, 2, 218.",,,2026-10-02T10:46:37.788831+00:00
H0259,DESeq2,76c5f8523716804dbe0a9500b4b7e216c6af225c,38.,unknown,other,"Check the parameters, defaults, formula, threshold, or statistical rule stated in this sentence.",R/AllClasses.R,141-145,"  }
  if (is.null(assayNames(se)) || assayNames(se)[1] != ""counts"") {
    # check if ""counts"" are in another assay spot:
    if (length(assayNames(se)) > 1) {
      if (""counts"" %in% assayNames(se)[-1]) {
",inconsistent,,,,False,"DRAFT - unverified: Validated locations were found, but the claimed numeric value(s) were not present in the excerpt.",,,2026-10-02T10:46:37.788831+00:00
H0260,DESeq2,76c5f8523716804dbe0a9500b4b7e216c6af225c,"AnnApplStat 2011, 5:2493–2518.",unknown,other,"Check the parameters, defaults, formula, threshold, or statistical rule stated in this sentence.",R/AllClasses.R,141-145,"  }
  if (is.null(assayNames(se)) || assayNames(se)[1] != ""counts"") {
    # check if ""counts"" are in another assay spot:
    if (length(assayNames(se)) > 1) {
      if (""counts"" %in% assayNames(se)[-1]) {
",consistent,,,,False,"DRAFT - unverified: Validated excerpt contains claimed numeric value(s): 2011, 2493, 2518, 5.",,,2026-10-02T10:46:37.788831+00:00
H0261,DESeq2,76c5f8523716804dbe0a9500b4b7e216c6af225c,39.,unknown,other,"Check the parameters, defaults, formula, threshold, or statistical rule stated in this sentence.",R/AllClasses.R,141-145,"  }
  if (is.null(assayNames(se)) || assayNames(se)[1] != ""counts"") {
    # check if ""counts"" are in another assay spot:
    if (length(assayNames(se)) > 1) {
      if (""counts"" %in% assayNames(se)[-1]) {
",inconsistent,,,,False,"DRAFT - unverified: Validated locations were found, but the claimed numeric value(s) were not present in the excerpt.",,,2026-10-02T10:46:37.788831+00:00
H0262,DESeq2,76c5f8523716804dbe0a9500b4b7e216c6af225c,"Bioinformatics 2006, 22:789–794.",unknown,other,"Check the parameters, defaults, formula, threshold, or statistical rule stated in this sentence.",R/AllClasses.R,141-145,"  }
  if (is.null(assayNames(se)) || assayNames(se)[1] != ""counts"") {
    # check if ""counts"" are in another assay spot:
    if (length(assayNames(se)) > 1) {
      if (""counts"" %in% assayNames(se)[-1]) {
",inconsistent,,,,False,"DRAFT - unverified: Validated locations were found, but the claimed numeric value(s) were not present in the excerpt.",,,2026-10-02T10:46:37.788831+00:00
H0263,DESeq2,76c5f8523716804dbe0a9500b4b7e216c6af225c,40.,unknown,other,"Check the parameters, defaults, formula, threshold, or statistical rule stated in this sentence.",R/AllClasses.R,141-145,"  }
  if (is.null(assayNames(se)) || assayNames(se)[1] != ""counts"") {
    # check if ""counts"" are in another assay spot:
    if (length(assayNames(se)) > 1) {
      if (""counts"" %in% assayNames(se)[-1]) {
",inconsistent,,,,False,"DRAFT - unverified: Validated locations were found, but the claimed numeric value(s) were not present in the excerpt.",,,2026-10-02T10:46:37.788831+00:00
H0264,DESeq2,76c5f8523716804dbe0a9500b4b7e216c6af225c,"Nature 2014, 510:278–282.",unknown,other,"Check the parameters, defaults, formula, threshold, or statistical rule stated in this sentence.",R/AllClasses.R,141-145,"  }
  if (is.null(assayNames(se)) || assayNames(se)[1] != ""counts"") {
    # check if ""counts"" are in another assay spot:
    if (length(assayNames(se)) > 1) {
      if (""counts"" %in% assayNames(se)[-1]) {
",inconsistent,,,,False,"DRAFT - unverified: Validated locations were found, but the claimed numeric value(s) were not present in the excerpt.",,,2026-10-02T10:46:37.788831+00:00
H0265,DESeq2,76c5f8523716804dbe0a9500b4b7e216c6af225c,41.,unknown,other,"Check the parameters, defaults, formula, threshold, or statistical rule stated in this sentence.",R/AllClasses.R,141-145,"  }
  if (is.null(assayNames(se)) || assayNames(se)[1] != ""counts"") {
    # check if ""counts"" are in another assay spot:
    if (length(assayNames(se)) > 1) {
      if (""counts"" %in% assayNames(se)[-1]) {
",inconsistent,,,,False,"DRAFT - unverified: Validated locations were found, but the claimed numeric value(s) were not present in the excerpt.",,,2026-10-02T10:46:37.788831+00:00
H0266,DESeq2,76c5f8523716804dbe0a9500b4b7e216c6af225c,2013.,unknown,other,"Check the parameters, defaults, formula, threshold, or statistical rule stated in this sentence.",R/AllClasses.R,141-145,"  }
  if (is.null(assayNames(se)) || assayNames(se)[1] != ""counts"") {
    # check if ""counts"" are in another assay spot:
    if (length(assayNames(se)) > 1) {
      if (""counts"" %in% assayNames(se)[-1]) {
",inconsistent,,,,False,"DRAFT - unverified: Validated locations were found, but the claimed numeric value(s) were not present in the excerpt.",,,2026-10-02T10:46:37.788831+00:00
H0267,DESeq2,76c5f8523716804dbe0a9500b4b7e216c6af225c,42.,unknown,other,"Check the parameters, defaults, formula, threshold, or statistical rule stated in this sentence.",R/AllClasses.R,141-145,"  }
  if (is.null(assayNames(se)) || assayNames(se)[1] != ""counts"") {
    # check if ""counts"" are in another assay spot:
    if (length(assayNames(se)) > 1) {
      if (""counts"" %in% assayNames(se)[-1]) {
",inconsistent,,,,False,"DRAFT - unverified: Validated locations were found, but the claimed numeric value(s) were not present in the excerpt.",,,2026-10-02T10:46:37.788831+00:00
H0268,DESeq2,76c5f8523716804dbe0a9500b4b7e216c6af225c,"Nature 2012, 481:389–393.",unknown,other,"Check the parameters, defaults, formula, threshold, or statistical rule stated in this sentence.",R/AllClasses.R,141-145,"  }
  if (is.null(assayNames(se)) || assayNames(se)[1] != ""counts"") {
    # check if ""counts"" are in another assay spot:
    if (length(assayNames(se)) > 1) {
      if (""counts"" %in% assayNames(se)[-1]) {
",inconsistent,,,,False,"DRAFT - unverified: Validated locations were found, but the claimed numeric value(s) were not present in the excerpt.",,,2026-10-02T10:46:37.788831+00:00
H0269,DESeq2,76c5f8523716804dbe0a9500b4b7e216c6af225c,43.,unknown,other,"Check the parameters, defaults, formula, threshold, or statistical rule stated in this sentence.",R/AllClasses.R,141-145,"  }
  if (is.null(assayNames(se)) || assayNames(se)[1] != ""counts"") {
    # check if ""counts"" are in another assay spot:
    if (length(assayNames(se)) > 1) {
      if (""counts"" %in% assayNames(se)[-1]) {
",inconsistent,,,,False,"DRAFT - unverified: Validated locations were found, but the claimed numeric value(s) were not present in the excerpt.",,,2026-10-02T10:46:37.788831+00:00
H0270,DESeq2,76c5f8523716804dbe0a9500b4b7e216c6af225c,"G3 (Bethesda) 2013, 4:11–18.",unknown,other,"Check the parameters, defaults, formula, threshold, or statistical rule stated in this sentence.",R/core.R,82-86,"#' Moderated estimation of fold change and dispersion
#' for RNA-seq data with DESeq2. Genome Biology, 15:550.
#' \url{https://doi.org/10.1186/s13059-014-0550-8}
#'
#' @author Michael Love, Wolfgang Huber, Simon Anders
",inconsistent,,,,False,"DRAFT - unverified: Validated locations were found, but the claimed numeric value(s) were not present in the excerpt.",,,2026-10-02T10:46:37.788831+00:00
H0271,DESeq2,76c5f8523716804dbe0a9500b4b7e216c6af225c,44.,unknown,other,"Check the parameters, defaults, formula, threshold, or statistical rule stated in this sentence.",R/AllClasses.R,141-145,"  }
  if (is.null(assayNames(se)) || assayNames(se)[1] != ""counts"") {
    # check if ""counts"" are in another assay spot:
    if (length(assayNames(se)) > 1) {
      if (""counts"" %in% assayNames(se)[-1]) {
",inconsistent,,,,False,"DRAFT - unverified: Validated locations were found, but the claimed numeric value(s) were not present in the excerpt.",,,2026-10-02T10:46:37.788831+00:00
H0272,DESeq2,76c5f8523716804dbe0a9500b4b7e216c6af225c,"PLoSComputBiol 2014, 10:1003531.",unknown,other,"Check the parameters, defaults, formula, threshold, or statistical rule stated in this sentence.",R/AllClasses.R,141-145,"  }
  if (is.null(assayNames(se)) || assayNames(se)[1] != ""counts"") {
    # check if ""counts"" are in another assay spot:
    if (length(assayNames(se)) > 1) {
      if (""counts"" %in% assayNames(se)[-1]) {
",consistent,,,,False,"DRAFT - unverified: Validated excerpt contains claimed numeric value(s): 10, 1003531, 2014.",,,2026-10-02T10:46:37.788831+00:00
H0273,DESeq2,76c5f8523716804dbe0a9500b4b7e216c6af225c,45.,unknown,other,"Check the parameters, defaults, formula, threshold, or statistical rule stated in this sentence.",R/AllClasses.R,141-145,"  }
  if (is.null(assayNames(se)) || assayNames(se)[1] != ""counts"") {
    # check if ""counts"" are in another assay spot:
    if (length(assayNames(se)) > 1) {
      if (""counts"" %in% assayNames(se)[-1]) {
",inconsistent,,,,False,"DRAFT - unverified: Validated locations were found, but the claimed numeric value(s) were not present in the excerpt.",,,2026-10-02T10:46:37.788831+00:00
H0274,DESeq2,76c5f8523716804dbe0a9500b4b7e216c6af225c,42:3623–3637.,unknown,other,"Check the parameters, defaults, formula, threshold, or statistical rule stated in this sentence.",R/AllClasses.R,141-145,"  }
  if (is.null(assayNames(se)) || assayNames(se)[1] != ""counts"") {
    # check if ""counts"" are in another assay spot:
    if (length(assayNames(se)) > 1) {
      if (""counts"" %in% assayNames(se)[-1]) {
",inconsistent,,,,False,"DRAFT - unverified: Validated locations were found, but the claimed numeric value(s) were not present in the excerpt.",,,2026-10-02T10:46:37.788831+00:00
H0275,DESeq2,76c5f8523716804dbe0a9500b4b7e216c6af225c,46.,unknown,other,"Check the parameters, defaults, formula, threshold, or statistical rule stated in this sentence.",R/AllClasses.R,141-145,"  }
  if (is.null(assayNames(se)) || assayNames(se)[1] != ""counts"") {
    # check if ""counts"" are in another assay spot:
    if (length(assayNames(se)) > 1) {
      if (""counts"" %in% assayNames(se)[-1]) {
",inconsistent,,,,False,"DRAFT - unverified: Validated locations were found, but the claimed numeric value(s) were not present in the excerpt.",,,2026-10-02T10:46:37.788831+00:00
H0276,DESeq2,76c5f8523716804dbe0a9500b4b7e216c6af225c,"Nature 2014, 509:487–491.",unknown,other,"Check the parameters, defaults, formula, threshold, or statistical rule stated in this sentence.",R/AllClasses.R,141-145,"  }
  if (is.null(assayNames(se)) || assayNames(se)[1] != ""counts"") {
    # check if ""counts"" are in another assay spot:
    if (length(assayNames(se)) > 1) {
      if (""counts"" %in% assayNames(se)[-1]) {
",inconsistent,,,,False,"DRAFT - unverified: Validated locations were found, but the claimed numeric value(s) were not present in the excerpt.",,,2026-10-02T10:46:37.788831+00:00
H0277,DESeq2,76c5f8523716804dbe0a9500b4b7e216c6af225c,47.,unknown,other,"Check the parameters, defaults, formula, threshold, or statistical rule stated in this sentence.",R/AllClasses.R,141-145,"  }
  if (is.null(assayNames(se)) || assayNames(se)[1] != ""counts"") {
    # check if ""counts"" are in another assay spot:
    if (length(assayNames(se)) > 1) {
      if (""counts"" %in% assayNames(se)[-1]) {
",inconsistent,,,,False,"DRAFT - unverified: Validated locations were found, but the claimed numeric value(s) were not present in the excerpt.",,,2026-10-02T10:46:37.788831+00:00
H0278,DESeq2,76c5f8523716804dbe0a9500b4b7e216c6af225c,"J RStat Soc Ser BMethodol 1987, 49:1–39.",unknown,other,"Check the parameters, defaults, formula, threshold, or statistical rule stated in this sentence.",R/core.R,2715-2719,"}

getAndCheckWeights <- function(object, modelMatrix, weightThreshold=1e-2) {
  if (""weights"" %in% assayNames(object)) {
    useWeights <- TRUE
",consistent,,,,False,"DRAFT - unverified: Validated excerpt contains claimed numeric value(s): 1, 1987, 39, 49.",,,2026-10-02T10:46:37.788831+00:00
H0279,DESeq2,76c5f8523716804dbe0a9500b4b7e216c6af225c,48.,unknown,other,"Check the parameters, defaults, formula, threshold, or statistical rule stated in this sentence.",R/AllClasses.R,141-145,"  }
  if (is.null(assayNames(se)) || assayNames(se)[1] != ""counts"") {
    # check if ""counts"" are in another assay spot:
    if (length(assayNames(se)) > 1) {
      if (""counts"" %in% assayNames(se)[-1]) {
",inconsistent,,,,False,"DRAFT - unverified: Validated locations were found, but the claimed numeric value(s) were not present in the excerpt.",,,2026-10-02T10:46:37.788831+00:00
H0280,DESeq2,76c5f8523716804dbe0a9500b4b7e216c6af225c,"binomial dispersion, with applications to SAGE data.",unknown,other,"Check the parameters, defaults, formula, threshold, or statistical rule stated in this sentence.",R/methods.R,605-609,"#' Estimate the dispersions for a DESeqDataSet
#' 
#' This function obtains dispersion estimates for Negative Binomial distributed data.
#'
#' Typically the function is called with the idiom:
",partial,,,,False,"DRAFT - unverified: A validated location was found, but no numeric value was available for comparison.",,,2026-10-02T10:46:37.788831+00:00
H0281,DESeq2,76c5f8523716804dbe0a9500b4b7e216c6af225c,"2007, 9:321–332.",unknown,other,"Check the parameters, defaults, formula, threshold, or statistical rule stated in this sentence.",R/AllClasses.R,141-145,"  }
  if (is.null(assayNames(se)) || assayNames(se)[1] != ""counts"") {
    # check if ""counts"" are in another assay spot:
    if (length(assayNames(se)) > 1) {
      if (""counts"" %in% assayNames(se)[-1]) {
",inconsistent,,,,False,"DRAFT - unverified: Validated locations were found, but the claimed numeric value(s) were not present in the excerpt.",,,2026-10-02T10:46:37.788831+00:00
H0282,DESeq2,76c5f8523716804dbe0a9500b4b7e216c6af225c,49.,unknown,other,"Check the parameters, defaults, formula, threshold, or statistical rule stated in this sentence.",R/AllClasses.R,141-145,"  }
  if (is.null(assayNames(se)) || assayNames(se)[1] != ""counts"") {
    # check if ""counts"" are in another assay spot:
    if (length(assayNames(se)) > 1) {
      if (""counts"" %in% assayNames(se)[-1]) {
",inconsistent,,,,False,"DRAFT - unverified: Validated locations were found, but the claimed numeric value(s) were not present in the excerpt.",,,2026-10-02T10:46:37.788831+00:00
H0283,DESeq2,76c5f8523716804dbe0a9500b4b7e216c6af225c,"New York City, USA: Oxford University Press; 2001.",unknown,other,"Check the parameters, defaults, formula, threshold, or statistical rule stated in this sentence.",R/AllClasses.R,86-90,"#' package.
#' @param design a \code{formula} or \code{matrix}.
#' the \code{formula} expresses how the counts for each gene
#' depend on the variables in \code{colData}. Many R \code{formula} are valid,
#' including designs with multiple variables, e.g., \code{~ group + condition},
",inconsistent,,,,False,"DRAFT - unverified: Validated locations were found, but the claimed numeric value(s) were not present in the excerpt.",,,2026-10-02T10:46:37.788831+00:00
H0284,DESeq2,76c5f8523716804dbe0a9500b4b7e216c6af225c,50.,unknown,other,"Check the parameters, defaults, formula, threshold, or statistical rule stated in this sentence.",R/AllClasses.R,141-145,"  }
  if (is.null(assayNames(se)) || assayNames(se)[1] != ""counts"") {
    # check if ""counts"" are in another assay spot:
    if (length(assayNames(se)) > 1) {
      if (""counts"" %in% assayNames(se)[-1]) {
",inconsistent,,,,False,"DRAFT - unverified: Validated locations were found, but the claimed numeric value(s) were not present in the excerpt.",,,2026-10-02T10:46:37.788831+00:00
H0285,DESeq2,76c5f8523716804dbe0a9500b4b7e216c6af225c,"PacJ Math 1966, 16:1–3.",unknown,other,"Check the parameters, defaults, formula, threshold, or statistical rule stated in this sentence.",R/core.R,2715-2719,"}

getAndCheckWeights <- function(object, modelMatrix, weightThreshold=1e-2) {
  if (""weights"" %in% assayNames(object)) {
    useWeights <- TRUE
",consistent,,,,False,"DRAFT - unverified: Validated excerpt contains claimed numeric value(s): 1, 16, 1966, 3.",,,2026-10-02T10:46:37.788831+00:00
H0286,DESeq2,76c5f8523716804dbe0a9500b4b7e216c6af225c,51.,unknown,other,"Check the parameters, defaults, formula, threshold, or statistical rule stated in this sentence.",R/AllClasses.R,141-145,"  }
  if (is.null(assayNames(se)) || assayNames(se)[1] != ""counts"") {
    # check if ""counts"" are in another assay spot:
    if (length(assayNames(se)) > 1) {
      if (""counts"" %in% assayNames(se)[-1]) {
",inconsistent,,,,False,"DRAFT - unverified: Validated locations were found, but the claimed numeric value(s) were not present in the excerpt.",,,2026-10-02T10:46:37.788831+00:00
H0287,DESeq2,76c5f8523716804dbe0a9500b4b7e216c6af225c,model for assessing differential gene expression from RNA-seq.,unknown,other,"Check the parameters, defaults, formula, threshold, or statistical rule stated in this sentence.",R/core.R,103-107,"#' support site: \url{http://support.bioconductor.org}.
#'
#' The differential expression analysis uses a generalized linear model of the form:
#'
#' \deqn{ K_{ij} \sim \textrm{NB}( \mu_{ij}, \alpha_i) }{ K_ij ~ NB(mu_ij, alpha_i) }
",partial,,,,False,"DRAFT - unverified: A validated location was found, but no numeric value was available for comparison.",,,2026-10-02T10:46:37.788831+00:00
H0288,DESeq2,76c5f8523716804dbe0a9500b4b7e216c6af225c,"Appl Genet Mol Biol 2011, 10:1–28.",unknown,other,"Check the parameters, defaults, formula, threshold, or statistical rule stated in this sentence.",R/core.R,229-233,"#' @references
#'
#' Love, M.I., Huber, W., Anders, S. (2014) Moderated estimation of fold change and dispersion for RNA-seq data with DESeq2. Genome Biology, 15:550. \url{https://doi.org/10.1186/s13059-014-0550-8}
#'
#' For \code{fitType=""glmGamPoi""}:
",consistent,,,,False,"DRAFT - unverified: Validated excerpt contains claimed numeric value(s): 1, 10, 2011, 28.",,,2026-10-02T10:46:37.788831+00:00
H0289,DESeq2,76c5f8523716804dbe0a9500b4b7e216c6af225c,52.,unknown,other,"Check the parameters, defaults, formula, threshold, or statistical rule stated in this sentence.",R/AllClasses.R,141-145,"  }
  if (is.null(assayNames(se)) || assayNames(se)[1] != ""counts"") {
    # check if ""counts"" are in another assay spot:
    if (length(assayNames(se)) > 1) {
      if (""counts"" %in% assayNames(se)[-1]) {
",inconsistent,,,,False,"DRAFT - unverified: Validated locations were found, but the claimed numeric value(s) were not present in the excerpt.",,,2026-10-02T10:46:37.788831+00:00
H0290,DESeq2,76c5f8523716804dbe0a9500b4b7e216c6af225c,"NewYork, USA: Dover Publications; 1965.",unknown,other,"Check the parameters, defaults, formula, threshold, or statistical rule stated in this sentence.",R/AllClasses.R,141-145,"  }
  if (is.null(assayNames(se)) || assayNames(se)[1] != ""counts"") {
    # check if ""counts"" are in another assay spot:
    if (length(assayNames(se)) > 1) {
      if (""counts"" %in% assayNames(se)[-1]) {
",inconsistent,,,,False,"DRAFT - unverified: Validated locations were found, but the claimed numeric value(s) were not present in the excerpt.",,,2026-10-02T10:46:37.788831+00:00
H0291,DESeq2,76c5f8523716804dbe0a9500b4b7e216c6af225c,53.,unknown,other,"Check the parameters, defaults, formula, threshold, or statistical rule stated in this sentence.",R/AllClasses.R,141-145,"  }
  if (is.null(assayNames(se)) || assayNames(se)[1] != ""counts"") {
    # check if ""counts"" are in another assay spot:
    if (length(assayNames(se)) > 1) {
      if (""counts"" %in% assayNames(se)[-1]) {
",inconsistent,,,,False,"DRAFT - unverified: Validated locations were found, but the claimed numeric value(s) were not present in the excerpt.",,,2026-10-02T10:46:37.788831+00:00
H0292,DESeq2,76c5f8523716804dbe0a9500b4b7e216c6af225c,"2001, 8:37–52.",unknown,other,"Check the parameters, defaults, formula, threshold, or statistical rule stated in this sentence.",R/AllClasses.R,141-145,"  }
  if (is.null(assayNames(se)) || assayNames(se)[1] != ""counts"") {
    # check if ""counts"" are in another assay spot:
    if (length(assayNames(se)) > 1) {
      if (""counts"" %in% assayNames(se)[-1]) {
",inconsistent,,,,False,"DRAFT - unverified: Validated locations were found, but the claimed numeric value(s) were not present in the excerpt.",,,2026-10-02T10:46:37.788831+00:00
H0293,DESeq2,76c5f8523716804dbe0a9500b4b7e216c6af225c,54.,unknown,other,"Check the parameters, defaults, formula, threshold, or statistical rule stated in this sentence.",R/AllClasses.R,141-145,"  }
  if (is.null(assayNames(se)) || assayNames(se)[1] != ""counts"") {
    # check if ""counts"" are in another assay spot:
    if (length(assayNames(se)) > 1) {
      if (""counts"" %in% assayNames(se)[-1]) {
",inconsistent,,,,False,"DRAFT - unverified: Validated locations were found, but the claimed numeric value(s) were not present in the excerpt.",,,2026-10-02T10:46:37.788831+00:00
H0294,DESeq2,76c5f8523716804dbe0a9500b4b7e216c6af225c,18:96–104.,unknown,other,"Check the parameters, defaults, formula, threshold, or statistical rule stated in this sentence.",R/AllClasses.R,141-145,"  }
  if (is.null(assayNames(se)) || assayNames(se)[1] != ""counts"") {
    # check if ""counts"" are in another assay spot:
    if (length(assayNames(se)) > 1) {
      if (""counts"" %in% assayNames(se)[-1]) {
",inconsistent,,,,False,"DRAFT - unverified: Validated locations were found, but the claimed numeric value(s) were not present in the excerpt.",,,2026-10-02T10:46:37.788831+00:00
H0295,DESeq2,76c5f8523716804dbe0a9500b4b7e216c6af225c,55.,unknown,other,"Check the parameters, defaults, formula, threshold, or statistical rule stated in this sentence.",R/AllClasses.R,141-145,"  }
  if (is.null(assayNames(se)) || assayNames(se)[1] != ""counts"") {
    # check if ""counts"" are in another assay spot:
    if (length(assayNames(se)) > 1) {
      if (""counts"" %in% assayNames(se)[-1]) {
",inconsistent,,,,False,"DRAFT - unverified: Validated locations were found, but the claimed numeric value(s) were not present in the excerpt.",,,2026-10-02T10:46:37.788831+00:00
H0296,DESeq2,76c5f8523716804dbe0a9500b4b7e216c6af225c,transformation for gene-expression microarray data.,unknown,other,"Check the parameters, defaults, formula, threshold, or statistical rule stated in this sentence.",R/AllClasses.R,141-145,"  }
  if (is.null(assayNames(se)) || assayNames(se)[1] != ""counts"") {
    # check if ""counts"" are in another assay spot:
    if (length(assayNames(se)) > 1) {
      if (""counts"" %in% assayNames(se)[-1]) {
",partial,,,,False,"DRAFT - unverified: A validated location was found, but no numeric value was available for comparison.",,,2026-10-02T10:46:37.788831+00:00
H0297,DESeq2,76c5f8523716804dbe0a9500b4b7e216c6af225c,"2002, 18:105–110.",unknown,other,"Check the parameters, defaults, formula, threshold, or statistical rule stated in this sentence.",R/AllClasses.R,141-145,"  }
  if (is.null(assayNames(se)) || assayNames(se)[1] != ""counts"") {
    # check if ""counts"" are in another assay spot:
    if (length(assayNames(se)) > 1) {
      if (""counts"" %in% assayNames(se)[-1]) {
",inconsistent,,,,False,"DRAFT - unverified: Validated locations were found, but the claimed numeric value(s) were not present in the excerpt.",,,2026-10-02T10:46:37.788831+00:00
H0298,DESeq2,76c5f8523716804dbe0a9500b4b7e216c6af225c,56.,unknown,other,"Check the parameters, defaults, formula, threshold, or statistical rule stated in this sentence.",R/AllClasses.R,141-145,"  }
  if (is.null(assayNames(se)) || assayNames(se)[1] != ""counts"") {
    # check if ""counts"" are in another assay spot:
    if (length(assayNames(se)) > 1) {
      if (""counts"" %in% assayNames(se)[-1]) {
",inconsistent,,,,False,"DRAFT - unverified: Validated locations were found, but the claimed numeric value(s) were not present in the excerpt.",,,2026-10-02T10:46:37.788831+00:00
H0299,DESeq2,76c5f8523716804dbe0a9500b4b7e216c6af225c,"Stanford University, Department of Statistics; 2006.",unknown,other,"Check the parameters, defaults, formula, threshold, or statistical rule stated in this sentence.",R/AllClasses.R,141-145,"  }
  if (is.null(assayNames(se)) || assayNames(se)[1] != ""counts"") {
    # check if ""counts"" are in another assay spot:
    if (length(assayNames(se)) > 1) {
      if (""counts"" %in% assayNames(se)[-1]) {
",inconsistent,,,,False,"DRAFT - unverified: Validated locations were found, but the claimed numeric value(s) were not present in the excerpt.",,,2026-10-02T10:46:37.788831+00:00
H0300,DESeq2,76c5f8523716804dbe0a9500b4b7e216c6af225c,57.,unknown,other,"Check the parameters, defaults, formula, threshold, or statistical rule stated in this sentence.",R/AllClasses.R,141-145,"  }
  if (is.null(assayNames(se)) || assayNames(se)[1] != ""counts"") {
    # check if ""counts"" are in another assay spot:
    if (length(assayNames(se)) > 1) {
      if (""counts"" %in% assayNames(se)[-1]) {
",inconsistent,,,,False,"DRAFT - unverified: Validated locations were found, but the claimed numeric value(s) were not present in the excerpt.",,,2026-10-02T10:46:37.788831+00:00
H0301,DESeq2,76c5f8523716804dbe0a9500b4b7e216c6af225c,"JStatSoftw 2010, 33:1–22.",unknown,other,"Check the parameters, defaults, formula, threshold, or statistical rule stated in this sentence.",R/core.R,2715-2719,"}

getAndCheckWeights <- function(object, modelMatrix, weightThreshold=1e-2) {
  if (""weights"" %in% assayNames(object)) {
    useWeights <- TRUE
",consistent,,,,False,"DRAFT - unverified: Validated excerpt contains claimed numeric value(s): 1, 2010, 22, 33.",,,2026-10-02T10:46:37.788831+00:00
H0302,DESeq2,76c5f8523716804dbe0a9500b4b7e216c6af225c,58.,unknown,other,"Check the parameters, defaults, formula, threshold, or statistical rule stated in this sentence.",R/AllClasses.R,141-145,"  }
  if (is.null(assayNames(se)) || assayNames(se)[1] != ""counts"") {
    # check if ""counts"" are in another assay spot:
    if (length(assayNames(se)) > 1) {
      if (""counts"" %in% assayNames(se)[-1]) {
",inconsistent,,,,False,"DRAFT - unverified: Validated locations were found, but the claimed numeric value(s) were not present in the excerpt.",,,2026-10-02T10:46:37.788831+00:00
H0303,DESeq2,76c5f8523716804dbe0a9500b4b7e216c6af225c,"BMCBioinformatics 2011, 12:372.",unknown,other,"Check the parameters, defaults, formula, threshold, or statistical rule stated in this sentence.",R/AllClasses.R,141-145,"  }
  if (is.null(assayNames(se)) || assayNames(se)[1] != ""counts"") {
    # check if ""counts"" are in another assay spot:
    if (length(assayNames(se)) > 1) {
      if (""counts"" %in% assayNames(se)[-1]) {
",inconsistent,,,,False,"DRAFT - unverified: Validated locations were found, but the claimed numeric value(s) were not present in the excerpt.",,,2026-10-02T10:46:37.788831+00:00
H0304,DESeq2,76c5f8523716804dbe0a9500b4b7e216c6af225c,59.,unknown,other,"Check the parameters, defaults, formula, threshold, or statistical rule stated in this sentence.",R/AllClasses.R,141-145,"  }
  if (is.null(assayNames(se)) || assayNames(se)[1] != ""counts"") {
    # check if ""counts"" are in another assay spot:
    if (length(assayNames(se)) > 1) {
      if (""counts"" %in% assayNames(se)[-1]) {
",inconsistent,,,,False,"DRAFT - unverified: Validated locations were found, but the claimed numeric value(s) were not present in the excerpt.",,,2026-10-02T10:46:37.788831+00:00
H0305,DESeq2,76c5f8523716804dbe0a9500b4b7e216c6af225c,"NewYork, USA: Chapman and Hall/CRC; 1982.",unknown,other,"Check the parameters, defaults, formula, threshold, or statistical rule stated in this sentence.",R/AllClasses.R,141-145,"  }
  if (is.null(assayNames(se)) || assayNames(se)[1] != ""counts"") {
    # check if ""counts"" are in another assay spot:
    if (length(assayNames(se)) > 1) {
      if (""counts"" %in% assayNames(se)[-1]) {
",inconsistent,,,,False,"DRAFT - unverified: Validated locations were found, but the claimed numeric value(s) were not present in the excerpt.",,,2026-10-02T10:46:37.788831+00:00
H0306,DESeq2,76c5f8523716804dbe0a9500b4b7e216c6af225c,60.,unknown,other,"Check the parameters, defaults, formula, threshold, or statistical rule stated in this sentence.",R/AllClasses.R,141-145,"  }
  if (is.null(assayNames(se)) || assayNames(se)[1] != ""counts"") {
    # check if ""counts"" are in another assay spot:
    if (length(assayNames(se)) > 1) {
      if (""counts"" %in% assayNames(se)[-1]) {
",inconsistent,,,,False,"DRAFT - unverified: Validated locations were found, but the claimed numeric value(s) were not present in the excerpt.",,,2026-10-02T10:46:37.788831+00:00
H0307,DESeq2,76c5f8523716804dbe0a9500b4b7e216c6af225c,"PLoSComputBiol 2013, 9:1003118.",unknown,other,"Check the parameters, defaults, formula, threshold, or statistical rule stated in this sentence.",R/AllClasses.R,141-145,"  }
  if (is.null(assayNames(se)) || assayNames(se)[1] != ""counts"") {
    # check if ""counts"" are in another assay spot:
    if (length(assayNames(se)) > 1) {
      if (""counts"" %in% assayNames(se)[-1]) {
",inconsistent,,,,False,"DRAFT - unverified: Validated locations were found, but the claimed numeric value(s) were not present in the excerpt.",,,2026-10-02T10:46:37.788831+00:00
H0308,DESeq2,76c5f8523716804dbe0a9500b4b7e216c6af225c,61.,unknown,other,"Check the parameters, defaults, formula, threshold, or statistical rule stated in this sentence.",R/AllClasses.R,141-145,"  }
  if (is.null(assayNames(se)) || assayNames(se)[1] != ""counts"") {
    # check if ""counts"" are in another assay spot:
    if (length(assayNames(se)) > 1) {
      if (""counts"" %in% assayNames(se)[-1]) {
",inconsistent,,,,False,"DRAFT - unverified: Validated locations were found, but the claimed numeric value(s) were not present in the excerpt.",,,2026-10-02T10:46:37.788831+00:00
H0309,DESeq2,76c5f8523716804dbe0a9500b4b7e216c6af225c,2013.,unknown,other,"Check the parameters, defaults, formula, threshold, or statistical rule stated in this sentence.",R/AllClasses.R,141-145,"  }
  if (is.null(assayNames(se)) || assayNames(se)[1] != ""counts"") {
    # check if ""counts"" are in another assay spot:
    if (length(assayNames(se)) > 1) {
      if (""counts"" %in% assayNames(se)[-1]) {
",inconsistent,,,,False,"DRAFT - unverified: Validated locations were found, but the claimed numeric value(s) were not present in the excerpt.",,,2026-10-02T10:46:37.788831+00:00
H0310,DESeq2,76c5f8523716804dbe0a9500b4b7e216c6af225c,62.,unknown,other,"Check the parameters, defaults, formula, threshold, or statistical rule stated in this sentence.",R/AllClasses.R,141-145,"  }
  if (is.null(assayNames(se)) || assayNames(se)[1] != ""counts"") {
    # check if ""counts"" are in another assay spot:
    if (length(assayNames(se)) > 1) {
      if (""counts"" %in% assayNames(se)[-1]) {
",inconsistent,,,,False,"DRAFT - unverified: Validated locations were found, but the claimed numeric value(s) were not present in the excerpt.",,,2026-10-02T10:46:37.788831+00:00
H0311,DESeq2,76c5f8523716804dbe0a9500b4b7e216c6af225c,"Bioinformatics 2015, 31:166.",unknown,other,"Check the parameters, defaults, formula, threshold, or statistical rule stated in this sentence.",R/AllClasses.R,141-145,"  }
  if (is.null(assayNames(se)) || assayNames(se)[1] != ""counts"") {
    # check if ""counts"" are in another assay spot:
    if (length(assayNames(se)) > 1) {
      if (""counts"" %in% assayNames(se)[-1]) {
",inconsistent,,,,False,"DRAFT - unverified: Validated locations were found, but the claimed numeric value(s) were not present in the excerpt.",,,2026-10-02T10:46:37.788831+00:00
H0312,DESeq2,76c5f8523716804dbe0a9500b4b7e216c6af225c,63.,unknown,other,"Check the parameters, defaults, formula, threshold, or statistical rule stated in this sentence.",R/AllClasses.R,141-145,"  }
  if (is.null(assayNames(se)) || assayNames(se)[1] != ""counts"") {
    # check if ""counts"" are in another assay spot:
    if (length(assayNames(se)) > 1) {
      if (""counts"" %in% assayNames(se)[-1]) {
",inconsistent,,,,False,"DRAFT - unverified: Validated locations were found, but the claimed numeric value(s) were not present in the excerpt.",,,2026-10-02T10:46:37.788831+00:00
H0313,DESeq2,76c5f8523716804dbe0a9500b4b7e216c6af225c,"2012, 28:2532–2533.",unknown,other,"Check the parameters, defaults, formula, threshold, or statistical rule stated in this sentence.",R/AllClasses.R,141-145,"  }
  if (is.null(assayNames(se)) || assayNames(se)[1] != ""counts"") {
    # check if ""counts"" are in another assay spot:
    if (length(assayNames(se)) > 1) {
      if (""counts"" %in% assayNames(se)[-1]) {
",inconsistent,,,,False,"DRAFT - unverified: Validated locations were found, but the claimed numeric value(s) were not present in the excerpt.",,,2026-10-02T10:46:37.788831+00:00
H0314,DESeq2,76c5f8523716804dbe0a9500b4b7e216c6af225c,64.,unknown,other,"Check the parameters, defaults, formula, threshold, or statistical rule stated in this sentence.",R/AllClasses.R,141-145,"  }
  if (is.null(assayNames(se)) || assayNames(se)[1] != ""counts"") {
    # check if ""counts"" are in another assay spot:
    if (length(assayNames(se)) > 1) {
      if (""counts"" %in% assayNames(se)[-1]) {
",inconsistent,,,,False,"DRAFT - unverified: Validated locations were found, but the claimed numeric value(s) were not present in the excerpt.",,,2026-10-02T10:46:37.788831+00:00
H0315,DESeq2,76c5f8523716804dbe0a9500b4b7e216c6af225c,"Bioinformatics 2014, 30:923–930.",unknown,other,"Check the parameters, defaults, formula, threshold, or statistical rule stated in this sentence.",R/AllClasses.R,141-145,"  }
  if (is.null(assayNames(se)) || assayNames(se)[1] != ""counts"") {
    # check if ""counts"" are in another assay spot:
    if (length(assayNames(se)) > 1) {
      if (""counts"" %in% assayNames(se)[-1]) {
",consistent,,,,False,"DRAFT - unverified: Validated excerpt contains claimed numeric value(s): 2014, 30, 923, 930.",,,2026-10-02T10:46:37.788831+00:00
H0316,DESeq2,76c5f8523716804dbe0a9500b4b7e216c6af225c,65.,unknown,other,"Check the parameters, defaults, formula, threshold, or statistical rule stated in this sentence.",R/AllClasses.R,141-145,"  }
  if (is.null(assayNames(se)) || assayNames(se)[1] != ""counts"") {
    # check if ""counts"" are in another assay spot:
    if (length(assayNames(se)) > 1) {
      if (""counts"" %in% assayNames(se)[-1]) {
",inconsistent,,,,False,"DRAFT - unverified: Validated locations were found, but the claimed numeric value(s) were not present in the excerpt.",,,2026-10-02T10:46:37.788831+00:00
H0317,DESeq2,76c5f8523716804dbe0a9500b4b7e216c6af225c,deletions and gene fusions.,unknown,other,"Check the parameters, defaults, formula, threshold, or statistical rule stated in this sentence.",R/AllClasses.R,141-145,"  }
  if (is.null(assayNames(se)) || assayNames(se)[1] != ""counts"") {
    # check if ""counts"" are in another assay spot:
    if (length(assayNames(se)) > 1) {
      if (""counts"" %in% assayNames(se)[-1]) {
",partial,,,,False,"DRAFT - unverified: A validated location was found, but no numeric value was available for comparison.",,,2026-10-02T10:46:37.788831+00:00
H0318,DESeq2,76c5f8523716804dbe0a9500b4b7e216c6af225c,"GenomeBiol 2013, 14:36.",unknown,other,"Check the parameters, defaults, formula, threshold, or statistical rule stated in this sentence.",R/AllClasses.R,141-145,"  }
  if (is.null(assayNames(se)) || assayNames(se)[1] != ""counts"") {
    # check if ""counts"" are in another assay spot:
    if (length(assayNames(se)) > 1) {
      if (""counts"" %in% assayNames(se)[-1]) {
",inconsistent,,,,False,"DRAFT - unverified: Validated locations were found, but the claimed numeric value(s) were not present in the excerpt.",,,2026-10-02T10:46:37.788831+00:00
H0319,DESeq2,76c5f8523716804dbe0a9500b4b7e216c6af225c,66.,unknown,other,"Check the parameters, defaults, formula, threshold, or statistical rule stated in this sentence.",R/AllClasses.R,141-145,"  }
  if (is.null(assayNames(se)) || assayNames(se)[1] != ""counts"") {
    # check if ""counts"" are in another assay spot:
    if (length(assayNames(se)) > 1) {
      if (""counts"" %in% assayNames(se)[-1]) {
",inconsistent,,,,False,"DRAFT - unverified: Validated locations were found, but the claimed numeric value(s) were not present in the excerpt.",,,2026-10-02T10:46:37.788831+00:00
